afcIMuetDuzj,1,1,月が湖面に銀の道を描く夜、静寂の森の奥深くで、ワニたちの秘密の舞踏会が開かれる。年に一度、満月の夜にだけ現れるこの神秘の宴は、選ばれた者だけが参加を許される。
afcIMuetDuzj,2,1,若きワニのルカは、幼いころからこの舞踏会の伝説を聞かされて育った。しかし、実際にその場に足を踏み入れた者は少なく、語られる話のほとんどは夢物語のようだった。月の舞踏会とは、一体どのようなものなのか。その幻想的な響きに、ルカは幼いころから憧れを抱いていた。\n\nある日、湖の畔を散歩していると、微かに光るものが目に入った。近づいてみると、青い蓮の葉の上に、一枚の紙が置かれていた。それは銀色の文字で「月の舞踏会へようこそ」と記された招待状だった。光を帯びた紙は、まるで月の欠片のように輝いている。\n\nルカは驚きと共にそれを手に取った。招待状は、信じられないほど滑らかな手触りで、触れると心が温かくなるような気がした。なぜ自分が選ばれたのか、考えても答えは出なかったが、胸の奥に湧き上がる興奮を抑えることはできなかった。\n\nその夜、ルカは星空の下で静かに湖を見つめた。湖面には月が映り、ゆらゆらと揺れていた。その光景が、まるでこれから訪れる運命を象徴しているかのように感じられた。月は優しく光を投げかけ、まるでルカを舞踏会へ誘うように湖面を照らしていた。
afcIMuetDuzj,2,2,翌日、ルカは森の長老のもとを訪れ、舞踏会について尋ねた。長老はゆっくりと目を閉じ、深い呼吸をしたあと、静かに語り始めた。「月の舞踏会は、心を持つ者のみが招かれる。お前が選ばれたということは、運命がお前に試練を与えたのかもしれん」\n\n「試練……？」ルカは長老の言葉を反芻した。\n\n「そうじゃ。舞踏会に足を踏み入れた者は、ただ踊るだけではない。そこでは、心の奥底に眠る想いが試されるのじゃ」\n\n長老は遠い目をしながら続けた。「かつて、舞踏会に参加した者の中には、愛を見つけた者もおれば、悲しみを抱えた者もいた。だが、いずれもこの宴が人生にとって大切な瞬間になったことは確かじゃ」\n\nルカはその言葉の意味を考えながら、招待状を大切に胸に抱いた。そして、舞踏会の夜が訪れるのを、今か今かと待ちわびた。
afcIMuetDuzj,3,1,舞踏会の夜、ルカは湖のほとりへと向かった。湖は鏡のように月の光を映し、その周囲には神秘的な青白い霧が漂っていた。湖畔にはすでに多くのワニたちが集まっていた。彼らの鱗は月光を浴びて淡く輝き、まるでこの世のものとは思えないほど幻想的な光景が広がっていた。\n\nルカは緊張しながらその輪の中へと足を踏み入れた。すると、遠くの方でひときわ美しく輝くワニの姿が目に入った。彼女の名はセレナ。透き通るような銀色の鱗を持ち、瞳は夜空の星を映したように輝いていた。その姿は、まるで月の化身のようだった。\n\n「今夜は特別な夜よ」\n\nセレナは微笑みながらルカに手を差し出した。その瞬間、ルカの胸の奥にかすかな震えが走った。彼の鼓動は高鳴り、時間が止まったかのように感じられた。迷うことなくルカは彼女の手を取り、二人はゆっくりと舞踏の輪の中へと入っていった。\n\n最初はぎこちない動きだったが、セレナが優しくリードしてくれた。彼女の手は驚くほど柔らかく温かかった。ルカの緊張は徐々に解け、二人のステップはしだいに調和を生み出し始めた。湖の水面には、月の光と二人の姿が映り込み、ゆらめく波紋とともに美しい模様を描いていた。
afcIMuetDuzj,3,2,他のワニたちもそれぞれのパートナーと踊り、湖全体がまるで幻想の世界へと変わっていく。水のさざめきと夜風の旋律が、音楽のように響き渡る。ルカはこの夜が永遠に続けばいいと心から願った。\n\n「ここでは、過去も未来も関係ない。私たちは今、この瞬間だけを生きているの」\n\nセレナはルカの耳元で囁いた。その声は心の奥深くに響き、ルカの胸を熱くした。彼はセレナの手を強く握りしめ、踊り続けた。言葉を交わさずとも、彼らの間には確かな絆が生まれつつあった。\n\n夜が更けるにつれ、湖面の霧はますます濃くなり、まるで夢の世界へと足を踏み入れたかのようだった。ワニたちは次第に踊りに没頭し、時間の流れを忘れていった。ルカはふと、セレナの瞳を覗き込んだ。その深い輝きの中には、何か秘密が隠されているように感じられた。\n\n「セレナ……君は、なぜこの舞踏会に？」\n\nルカが尋ねると、セレナは少し寂しそうに微笑んだ。「私は、月に仕える一族のワニなの。だから、満月の夜にだけこの場所へ来ることができるの」\n\n「満月の夜だけ……？」ルカは思わず息を呑んだ。
afcIMuetDuzj,3,3,セレナは静かに頷いた。「この舞踏会は、月の光によって開かれる。でも、その光が消えれば、私は再び湖の奥深くへ戻らなければならないの」\n\nルカは彼女の言葉を飲み込みながら、胸が締めつけられるような感覚を覚えた。この夜が終われば、彼女とは離れ離れになってしまうのだろうか。\n\nしかし、ルカはその思いを押し殺し、今はただこの瞬間を大切にしようと決めた。彼はセレナの手をそっと引き寄せ、静かに言った。「今は……この夜を楽しもう」\n\nセレナの瞳が驚いたように揺れ、そして優しく微笑んだ。「ええ、そうね」\n\n二人は再び踊り始めた。湖の水面はまるで鏡のように彼らを映し出し、月の光が二人の周りを優しく包み込んでいた。ルカは、今この瞬間だけは、彼女とずっと一緒にいられるのだと信じたかった。\n\nその夜、彼らの心は一つになり、運命が新たな軌跡を描き始めたのだった。
afcIMuetDuzj,4,1,ワニたちのダンスは、水面を揺らす優雅な波紋となり、月の光がそれに呼応するかのように輝きを増した。音もなく進むダンスの中で、ルカはセレナに心を奪われていく。\n\n「ここでは、時間が止まるの」\n\nセレナの言葉どおり、この夜の間だけ、ワニたちは自由に心を通わせることができる。しかし、夜明けとともに舞踏会は終わり、それぞれの生活へと戻らなければならなかった。\n\nルカはその言葉の意味を考えながら、彼女の手をぎゅっと握った。セレナの温もりが、彼の胸の中に深く刻まれていく。彼女の微笑みが、この場所の魔法そのものであるかのように感じられた。
afcIMuetDuzj,4,2,しかし、彼の心には小さな不安が芽生え始めていた。この夜が終わったら、彼はまた孤独に戻るのだろうか？セレナと過ごした時間は夢のように消えてしまうのか？\n\n「セレナ……この夜が終わっても、君に会う方法はないの？」\n\nルカが問いかけると、セレナは一瞬言葉を飲み込んだ。しかし、彼の真剣なまなざしを見つめると、静かに微笑んだ。\n\n「ルカ、私は月の光によってここに来ることができるの。だから……あなたが月を信じてくれるなら、私はまたここに戻ってこられるわ」\n\n彼女の言葉には確かな優しさと切なさが込められていた。ルカはその意味を深く理解した。彼女は、自らの運命に縛られているのだ。それでも、彼女はこの夜を楽しもうとしている。\n\n「だったら……僕は月を信じる。君を信じるよ、セレナ」\n\n彼は力強く言い、彼女の手を握る。その瞬間、月の光が二人を包み込み、まるで二人だけの世界が広がったかのようだった。
afcIMuetDuzj,4,3,舞踏会はますます盛り上がり、ワニたちは次々と踊りに身を委ねていく。湖の水面には、光の粒が浮かび、まるで星々が降り注いでいるかのようだった。ルカとセレナは、その美しさに酔いしれながら、静かに踊り続けた。\n\n「ルカ……ありがとう」\n\nセレナがそっと囁く。彼女の声には、感謝と切なさが混じっていた。\n\n「セレナ、僕は……」\n\nルカが何かを言おうとした瞬間、遠くの空に一筋の流れ星が走った。その光が湖に反射し、まるで二人の未来を示すように揺らめいた。ルカはその輝きを見上げながら、心に誓った。\n\nこの夜がどれだけ儚くても、この出会いは永遠のものにしよう。\n\n彼らは夜明けまで踊り続けた。時が止まったように、ただひたすらに。\n\nルカは願った。この時間が永遠に続くようにと。
afcIMuetDuzj,5,1,夜が更けるにつれ、月はゆっくりと傾き始めた。そして、舞踏会が終わる時が近づいてくる。湖の水面に映る月の光が揺らめき、ワニたちは一匹また一匹と静かに去っていった。しかし、ルカはその場を動けなかった。セレナの手を握りしめたまま、彼は心の奥からこみ上げる感情を抑えきれずにいた。\n\n「朝が来ても、僕たちはまた会えるの？」\n\nルカの問いかけに、セレナはわずかに微笑んだ。しかし、その笑顔の奥には悲しみが滲んでいた。\n\n「この夜を信じて……」\n\nそう囁くと、彼女の体はゆっくりと透明になり始めた。ルカは目を見開いた。彼女の手の感触が消えていく。彼の目の前で、セレナは淡い月光とともに霧のように消えていったのだ。\n\n「セレナ！！」\n\nルカは叫んだ。彼女の名を何度も呼び、手を伸ばした。しかし、彼が触れることができたのは冷たい湖の風だけだった。湖面には静かな波紋が広がり、すべてが夢であったかのように静寂に包まれた。
afcIMuetDuzj,5,2,彼女はどこへ行ってしまったのか？ なぜ突然消えてしまったのか？\n\nそのとき、ルカの後ろから低い声が響いた。\n\n「お前も気づいたか……？」\n\nルカが振り返ると、そこには長老のワニ、エルダーが立っていた。彼は湖の舞踏会を何十年も見守ってきた賢者だった。\n\n「彼女は……どこへ？」\n\n震える声でルカが尋ねると、エルダーは深いため息をついた。\n\n「セレナは……もともとこの世界の住人ではないのだよ」\n\nルカの心臓が跳ねた。\n\n「それは、どういうことですか？」\n\nエルダーは湖面を見つめながら語り始めた。\n\n「昔、この湖には月の使者がいた。彼らは満月の夜にだけ現れ、地上の者と交流を持つことが許されていた。しかし、それは決して永遠には続かない掟だった。舞踏会が終わるとともに、彼らは月へと帰らなければならないのだ」\n\nルカの心臓が強く打った。
afcIMuetDuzj,5,3,「セレナが……月の使者？」\n\n「そうだ。彼女は湖に住むワニではなく、月の民の一人だった。お前と出会ったのも偶然ではない。彼女は、この湖で自分を待ってくれる者を探していたのかもしれない」\n\nルカは震えた。彼の心の中に生まれた愛は、彼女の運命によって引き裂かれてしまうのか。彼は拳を握りしめた。\n\n「でも……彼女は僕に言ったんです。また会えるって」\n\nエルダーは静かに頷いた。\n\n「確かに、満月の夜になれば彼女は再びここへ来ることができる。しかし、それはお前の想いの強さにかかっているのだ」\n\n「僕の……想い？」\n\n「そうだ。月の使者が地上に留まるためには、強い絆が必要だ。もし、お前が彼女を心から信じ続けるなら、彼女は再びこの湖に降り立つことができるかもしれない」\n\nルカは湖を見つめた。月の光が優しく揺らめき、まるでセレナの面影を映しているようだった。彼の胸に強い決意が生まれた。\n\n「僕は、彼女を信じます。何があっても、満月の夜を待ちます」\n\nエルダーは静かに微笑んだ。\n\n「ならば、お前に試練が与えられるだろう。次の満月までに、心を揺らがせぬよう強く持ち続けるのだ。そうすれば、月はお前の願いを聞き入れてくれるかもしれない」\n\nルカは深く息を吸った。湖の冷たい風が、彼の心に決意を刻み込んだ。\n\n「セレナ……僕は君を待つよ。何があっても……」\n\nそう誓った夜、湖の奥からかすかな光が浮かび上がった。月の使者が残した、わずかな奇跡のように。彼はその場を離れることができず、ただ彼女の影を探し続けた。
afcIMuetDuzj,6,1,ルカは満月の夜を待ち続けた。日が昇り、日が沈むたびに、彼の心はセレナへの想いを募らせていった。彼女が本当に戻ってくるのか、それともこれは儚い夢だったのか。不安と希望が入り混じりながらも、彼は誓いを守り続けた。\n\nそして、運命の夜が訪れた。\n\n湖のほとりに立つルカの前で、水面が光を帯び始めた。その光は月と呼応するように輝き、やがて湖の中心からセレナの姿が浮かび上がった。\n\n「ルカ……」\n\n彼女の声は、夜風に溶けるように優しく響いた。ルカは目を見開き、彼女へと駆け寄った。\n\n「セレナ！ 本当に戻ってきたんだね！」\n\n彼は彼女の手を取った。その温もりが、確かにここにいることを証明していた。\n\n「私はあなたの想いに導かれて戻ってきたの。でも……私は決めなければならないの」\n\n「決める？」\n\n「私は月へ戻るか、ここに残るかの選択を迫られているの」\n\n湖の光が強くなり、セレナの姿を包み込むように揺らめいた。
afcIMuetDuzj,6,2,「ルカ、私は……」\n\n彼女の目が揺れ動いていた。戸惑い、恐れ、そして希望。すべての感情が交錯していた。\n\n「私は、あなたと共に生きたい。でも、もし私がこの世界に残るなら、二度と月の光に触れることはできないの」\n\nルカの心臓が強く打った。\n\n「それは……どういうこと？」\n\nセレナは静かに湖を見つめた。月の光が彼女の足元に淡く差し込み、その身体を透かしていた。\n\n「私は月の使者。私の存在は月と結びついている。でも、もし私がこの湖に残るなら、私は……」\n\n彼女は言葉を飲み込んだ。\n\n「私は、ただのワニになる」\n\nルカは息をのんだ。\n\n「それって……どういうこと？」\n\n「私は、今までの記憶を失い、この湖の住人として生きることになるの」\n\n静寂が広がった。\n\n「君のことも、全部忘れるってこと？」\n\nセレナは小さく頷いた。\n\n「でも、私はあなたと生きたい。あなたが私を愛してくれるなら……たとえ記憶がなくなっても、私はあなたのそばにいたいの」\n\nルカは拳を握りしめた。セレナのそばにいられるなら、それだけでいいと思うべきなのか。でも、彼女が自分のことを忘れてしまうのなら、それは本当に幸せと言えるのか。
afcIMuetDuzj,6,3,「……セレナ、本当にそれでいいの？」\n\n「怖い。でも、あなたのそばにいたい。だから……選ぶのはあなた」\n\nルカは震える手で彼女の頬に触れた。\n\n「僕は……」\n\nそのとき、湖の奥から新たな光が差し込んだ。エルダーが静かに現れた。\n\n「決断の時だ。ルカ、お前が彼女を心から愛し、彼女のすべてを受け入れるなら……月の掟を超える方法がある」\n\n「方法が？」\n\nエルダーは湖に手をかざし、湖面が波打った。\n\n「お前が彼女を愛し続け、どんな時もその想いを忘れなければ……セレナは月の使者としてではなく、一個の存在として生きることができる。記憶を失わずに」\n\n「本当か？」\n\n「ただし、それにはお前の魂も試される。お前が彼女を信じ続け、どんな困難にも負けない覚悟が必要だ」\n\nルカはセレナを見つめた。\n\n「セレナ、僕は君と共に生きたい。君の記憶が消えるなんて、そんなの耐えられない。でも、もし僕の想いが君をつなぎとめるなら……」\n\nセレナは微笑んだ。
afcIMuetDuzj,6,4,「なら……試してみる？」\n\nルカは深く頷いた。\n\n「どんな試練でも、僕は乗り越える。君と一緒にいるためなら」\n\nその瞬間、湖の光が大きく揺らぎ、二人を包み込んだ。世界が眩しい光に満たされ、すべてが溶け合うような感覚に襲われた。\n\n気が付くと、ルカは湖のほとりに倒れていた。\n\n「ルカ？」\n\n優しい声が聞こえた。顔を上げると、そこには変わらぬ姿のセレナがいた。\n\n「セレナ……？」\n\n「私、まだ覚えてる……！」\n\nルカの胸に喜びが広がった。彼はセレナを抱きしめた。\n\n「やった……！」\n\n湖の水面には、二匹のワニが寄り添う影が映っていた。月は穏やかに輝き、二人の未来を祝福するように照らしていた。\n\n彼らの愛は、月の掟すら超えたのだ。\n\n──ワニと月の舞踏会は、終わりを迎えた。\n\nしかし、それは二人の新たな物語の始まりでもあった。
aBcDeFgHiJkL,1,1,ドラゴンとは、世界中の神話や伝承に登場する架空の生物であり、地域ごとに異なる姿や性質を持ちながらも、共通する特徴を多く持つ存在である。一般的に、巨大な体躯を持ち、爬虫類のような姿をしていることが多い。多くのドラゴンは翼を持ち空を飛ぶとされるが、一方で翼のないドラゴンも存在する。また、炎を吐く能力を持つとされるものも多く、力強く神秘的な存在として語られてきた。\n\nドラゴンの概念は、西洋と東洋では大きく異なる。西洋のドラゴンはしばしば邪悪な存在として描かれ、勇敢な騎士に討たれる怪物としての役割を担う。一方、東洋の龍は神聖で賢明な存在とされ、皇帝や自然と結びつき、人々に幸福をもたらす存在とされる。例えば、中国の龍は水や天候を司る神聖な存在として崇められ、皇帝の象徴ともなっていた。日本の龍も水神としての側面を持ち、神社などで祀られることが多い。\n\nまた、ドラゴンはただの空想上の生物ではなく、人々の歴史や文化に深く根付いている。古代文明では、ドラゴンに似た存在が神話や壁画に描かれ、神聖視された。メソポタミア神話のティアマトや、ギリシャ神話のラドンのように、神話の中で重要な役割を果たす存在も多い。さらに、ドラゴン伝承の背景には、古代の人々が恐竜の化石を目にし、それを伝説の生き物として解釈した可能性もある。\n\n現代においても、ドラゴンは依然として人気のあるモチーフであり、ファンタジー作品や映画、ゲームなどで頻繁に登場する。人類の想像力を刺激し続けるドラゴンは、単なる架空の生物ではなく、時代を超えて人々の心に生き続ける象徴的な存在なのである。
aBcDeFgHiJkL,2,1,ドラゴンの伝承は世界各地に存在し、その姿や性質は地域ごとに大きく異なる。しかし、共通するのは、いずれの文化においてもドラゴンが強大な力を持つ神秘的な存在として描かれていることだ。本章では、代表的な地域のドラゴン伝承を紹介し、その文化的背景を探る。\n\n1. ヨーロッパのドラゴン：邪悪なる怪物\n\nヨーロッパのドラゴンは、しばしば邪悪な存在として描かれることが多い。特に、中世の騎士物語では、勇敢な戦士がドラゴンを討伐する物語が数多く語られた。例えば、イギリスの聖ジョージ伝説では、聖ジョージが村を脅かす凶暴なドラゴンを討ち倒し、民衆を救ったとされる。また、北欧神話には「ニーズヘッグ」という冥界に住む邪悪なドラゴンが登場し、生命の樹ユグドラシルの根をかじる存在として描かれている。ヨーロッパのドラゴンは、金銀財宝を守る守銭奴的な性格を持つこともあり、『ベーオウルフ』に登場するドラゴンや、北欧の英雄ジークフリートに倒された「ファフニール」などがその代表例だ。\n\n2. 東アジアの龍：神聖なる守護者\n\nヨーロッパのドラゴンとは対照的に、東アジアの龍（りゅう）は神聖な存在とされることが多い。特に中国では、龍は皇帝の象徴とされ、五本の爪を持つ龍は天子のみが使用できる紋章とされた。龍は水を司り、雨を降らせる神格的な存在であり、農耕社会において重要な役割を果たしていた。例えば、中国神話に登場する「青龍」は四神のひとつであり、東方を守護する聖獣として崇められている。\n\n日本にも龍の伝承は数多く存在し、特に水神として信仰された。『日本書紀』や『古事記』には、ヤマタノオロチという巨大な蛇のような龍が登場し、英雄スサノオによって討伐される物語が描かれている。一方で、龍神を祀る神社も多く存在し、雨乞いや豊漁を祈願する祭りが行われることもある。
aBcDeFgHiJkL,2,2,3. 中東・アフリカのドラゴン：混沌の象徴\n\n中東やアフリカにも、ドラゴンに類する伝承が存在する。メソポタミア神話に登場するティアマトは、混沌の海を象徴するドラゴンのような存在であり、創造神マルドゥクによって討たれる。ティアマトは古代世界の創世神話において重要な役割を果たし、混沌と秩序の対立の象徴とされた。\n\nエジプト神話では、太陽神ラーの敵として「アペプ（アポピス）」という巨大な蛇の怪物が登場する。これはドラゴンと同様の存在であり、夜になると太陽を飲み込もうとする邪悪な存在とされた。また、アフリカの一部地域では、川や湖に住む巨大な蛇の精霊が伝えられ、部族ごとに異なるドラゴンのような伝承が存在する。\n\n4. アメリカ大陸のドラゴン：神と祖先の融合\n\nアメリカ大陸にも、ドラゴンに類する伝説の生物が存在する。特に有名なのが、マヤやアステカ文明における「ケツァルコアトル」だ。これは羽毛を持つ蛇の神であり、創造神であると同時に文化の伝承者ともされていた。ケツァルコアトルは人々に農耕や芸術を教え、後に天に昇るという伝説が残されている。\n\nまた、北米の先住民の伝承には、「サンダーバード」という巨大な鳥が登場する。これは雷を操る神聖な存在とされ、一部の部族ではドラゴンに近い姿で描かれることもあった。南米では「ボイタタ」という火を噴く蛇のような存在が語られ、森を守る精霊として信仰されていた。
aBcDeFgHiJkL,2,3,ドラゴン伝承の共通点と多様性\n\nこのように、世界各地でドラゴンの伝承は多様な形を持つが、共通点も多い。それは、いずれの文化においてもドラゴンが「強大な力を持つ存在」として畏怖され、時には人間の敵となり、時には守護者や神として崇められてきたことである。ドラゴンの姿や性質は、その地域の自然環境や文化的背景と密接に結びついており、人類の想像力によってさまざまな形で語り継がれてきたのだ。
aBcDeFgHiJkL,3,1,ドラゴンは単なる空想上の存在ではなく、人類の歴史の中で深く関わりながら発展してきた。その姿や性質は時代と共に変化し、神聖な守護者、邪悪な怪物、あるいは神話の英雄が挑む強敵として、多様な意味を持つようになった。本章では、古代から現代にかけてのドラゴンと人間の関係を探り、その歴史的な変遷を紐解く。\n\n1. 古代文明におけるドラゴン信仰\n\n最も古いドラゴンの概念は、メソポタミア文明にまで遡ることができる。シュメール神話では、ドラゴンのような怪物「ムシュフシュ」が登場し、神々の守護獣として描かれた。また、バビロニア神話には、混沌の海の女神ティアマトが登場し、彼女は巨大な蛇やドラゴンのような姿で表現されることが多い。ティアマトは創造神マルドゥクによって討たれ、その体から天地が創造されたとされる。\n\nエジプト神話でも、太陽神ラーの敵として「アペプ（アポピス）」という巨大な蛇の怪物が存在する。毎晩、ラーが夜の旅をする際にアペプが襲いかかり、それを撃退することで太陽が再び昇ると信じられていた。これは、ドラゴンが混沌と秩序の象徴として捉えられていた例の一つである。\n\n古代中国では、龍は皇帝の象徴として崇められた。龍は水を司る神聖な存在であり、五本爪の龍は皇帝のみが使用できる紋章とされた。龍のイメージは、天と地を結びつける存在としての役割を担い、人々の生活に密接に関わっていた。\n\n2. 中世ヨーロッパのドラゴンと騎士伝説\n\n中世ヨーロッパでは、ドラゴンは恐ろしい怪物として描かれることが多く、キリスト教の世界観と結びついて「悪」の象徴とされた。その背景には、聖書の『ヨハネの黙示録』に登場する「赤き大いなる竜」が影響を与えていると考えられる。この竜はサタンの化身とされ、神と対立する存在として描かれている。\n\nこの時代のドラゴン伝説の中でも特に有名なのが、聖ジョージとドラゴンの物語である。聖ジョージは、悪しきドラゴンが村人を苦しめているのを知り、勇敢に戦いを挑み、ついにドラゴンを討伐する。これは「善が悪を打ち負かす」象徴的な物語として語り継がれ、中世の騎士道精神を体現する物語として広まった。\n\nまた、北欧神話に登場する「ファフニール」の伝説も興味深い。ファフニールはもともとドワーフの王子だったが、財宝に執着しすぎた結果、ドラゴンの姿へと変貌してしまう。英雄ジークフリートは、知恵と勇気をもってファフニールを討伐し、彼の血を浴びることで不死身の肉体を手に入れる。この物語は、「欲望が人を怪物へと変えてしまう」という教訓を含んでおり、ドラゴンが「貪欲の象徴」として描かれた例でもある。
aBcDeFgHiJkL,3,2,3. 近代におけるドラゴンの変遷\n\nルネサンス期以降、ドラゴンのイメージは徐々に変化していった。科学の発展により、迷信や神話が疑問視されるようになり、ドラゴンは現実の生物ではなく、空想の存在として扱われるようになった。しかし、一方で、文学や芸術においてはドラゴンの人気は続き、さまざまな創作に取り入れられていく。\n\n19世紀には、考古学の発展とともに恐竜の化石が発見され、人々は「古代のドラゴンの正体は恐竜ではないか」と考えるようになった。これにより、ドラゴンのイメージがより現実的なものへと変化し、科学的な視点での研究が進むこととなった。\n\nまた、20世紀以降はファンタジー文学の台頭により、ドラゴンの役割が大きく変わった。J.R.R.トールキンの『ホビットの冒険』に登場する邪悪なドラゴン「スマウグ」や、C.S.ルイスの『ナルニア国物語』に登場するドラゴンなど、文学作品の中で強大な存在として描かれることが増えていった。一方で、宮崎駿の『千と千尋の神隠し』に登場するハクのように、優雅で神秘的な存在としてのドラゴンも描かれるようになった。\n\n4. 現代社会におけるドラゴン\n\n現代では、ドラゴンは映画、ゲーム、アニメなど、さまざまなメディアで親しまれる存在となっている。例えば、『ゲーム・オブ・スローンズ』ではドラゴンが強大な力を持つ存在として描かれ、ファンタジー作品におけるドラゴンの人気を再確認させるものとなった。また、『ポケモン』シリーズや『ドラゴンクエスト』シリーズなど、日本のゲームでもドラゴンは重要なキャラクターとして登場し、多くの人々に愛されている。\n\nさらに、ドラゴンは現実の文化やシンボルとしても根付いており、中国や日本では龍のモチーフが建築や芸術に取り入れられ、欧米ではスポーツチームのマスコットや企業のロゴなどにも使用されている。\n\nこのように、ドラゴンは単なる伝説上の存在にとどまらず、時代と共にその意味を変えながら、今もなお人々の想像力を刺激し続けているのである。
aBcDeFgHiJkL,4,1,ドラゴンは世界中の神話や伝承に登場するが、その姿や能力は地域や文化ごとに大きく異なる。翼を持ち空を飛ぶもの、巨大な蛇のようなもの、火を噴くもの、あるいは水を司るもの――それぞれのドラゴンには独自の特徴がある。本章では、ドラゴンの身体的な特徴や能力について詳しく探り、その多様性と共通点を明らかにする。\n\n1. ドラゴンの基本的な特徴\n\nドラゴンの姿は、爬虫類や蛇を基にしていることが多い。その理由の一つとして、古代の人々が恐竜の化石を発見し、それを神話の生物として解釈した可能性が考えられる。また、蛇やワニなどの生物が、神話の中で誇張されてドラゴンのような存在になったとも言われている。\n\nドラゴンの体の特徴は、大きく以下の要素に分けられる。\n\n頭部：鋭い牙と大きな目を持ち、多くのドラゴンは知性を象徴する存在として描かれる。西洋のドラゴンは恐ろしい表情をしていることが多いが、東洋の龍は威厳のある顔つきをしている。\n\n翼：西洋のドラゴンはコウモリのような大きな翼を持ち、空を自由に飛び回る。一方、東洋の龍には翼がないものが多く、雲や風を操ることで空を飛ぶとされる。\n\n鱗：硬い鱗に覆われており、武器や魔法を跳ね返すことができるとされる。これは、ドラゴンがしばしば不死身に近い存在として描かれる理由の一つである。\n\n尾：強靭な尾を持つことが多く、攻撃やバランスを取るために使われる。時には蛇のようにしなやかに動くこともある。\n\n爪：鋭い爪を持ち、獲物を捕らえたり敵を引き裂いたりするために使われる。中国では、五本爪の龍は皇帝専用のシンボルとされていた。
aBcDeFgHiJkL,4,2,2. ドラゴンの能力\n\nドラゴンは単なる巨大な生物ではなく、多くの場合、特別な能力を持っている。地域ごとの伝承により能力は異なるが、共通して以下のような力が語られることが多い。\n\n① 炎を吐く\n\n西洋のドラゴンの代表的な能力が「炎を吐く」ことである。これは、中世ヨーロッパの騎士伝説において、ドラゴンが圧倒的な力を持つ象徴として描かれたためである。例えば、『ベーオウルフ』に登場するドラゴンは、戦士を焼き尽くすほどの炎を吐くとされている。ファンタジー作品に登場するドラゴンの多くも、強力な火炎攻撃を持つ。\n\n② 空を飛ぶ\n\n空を飛ぶ能力も、ドラゴンの象徴的な特徴である。西洋のドラゴンは翼を使って飛行するが、東洋の龍は風や雲を操り、自由に空を翔けるとされる。これは、龍が天候を司る神と結びついていることに由来している。\n\n③ 水や天候を操る\n\n東洋の龍は、雨や川を支配する存在とされることが多い。例えば、中国の神話に登場する龍は、雨を降らせることで農作物の成長を助けるとされ、龍神として信仰された。同様に、日本の龍も川や湖と結びつき、水神として祀られることが多い。\n\n④ 知性と魔法の力\n\nドラゴンは、しばしば知的な存在として描かれる。特にファンタジー作品では、人間と対等に会話し、魔法を操るドラゴンも登場する。例えば、北欧神話の「ニーズヘッグ」は、死者の魂を喰らう存在として描かれるが、高度な知識を持つともされる。\n\nまた、ドラゴンの血や心臓には魔法的な力があるとされることもある。例えば、ゲルマン神話では、ドラゴンの血を浴びることで不死身になるという伝承があり、ジークフリートはドラゴン・ファフニールを倒し、その血を浴びることで無敵の体を手に入れた。
aBcDeFgHiJkL,4,3,3. 地域ごとのドラゴンの姿\n\n地域によって、ドラゴンの姿には大きな違いがある。\n\n西洋のドラゴン：巨大な翼と鋭い牙を持ち、宝を守る怪物として描かれることが多い。\n\n東洋の龍：蛇のような細長い体を持ち、神聖な存在として信仰される。\n\n中東のドラゴン：カギ爪を持つ怪物として描かれ、戦争や災厄の象徴とされることが多い。\n\n南米のドラゴン：羽毛を持つ蛇のような姿で、人類に知恵を授ける存在とされることがある（例：ケツァルコアトル）。\n\nこれらの違いは、各地域の環境や文化に深く根ざしている。例えば、西洋のドラゴンが邪悪な怪物とされるのは、キリスト教の影響が大きい。一方、東洋の龍が神聖視されるのは、農耕と密接に関係しているためである。\n\n4. 進化するドラゴンの姿\n\n現代の創作作品では、伝統的なドラゴン像を踏襲しながらも、新たな解釈が加えられている。例えば、ファンタジー作品では、人間と共存する知的なドラゴンや、異世界の神秘的な存在としてのドラゴンが登場することが多い。映画やゲームに登場するドラゴンは、科学的な要素を取り入れたリアルなデザインが施されることもあり、より多様なドラゴン像が生まれている。\n\nドラゴンの姿と能力は、時代とともに変化しながらも、人々の想像力を刺激し続けている。そして、その多様性こそが、ドラゴンという存在が長く愛される理由の一つなのかもしれない。
aBcDeFgHiJkL,5,1,ドラゴンは単なる神話上の生物ではなく、多くの文化や宗教の中で特別な意味を持つ存在として語り継がれてきた。古代の神話や伝説に登場するだけでなく、王権の象徴、守護神、悪の化身、自然の力の表れなど、多様な解釈がなされている。本章では、ドラゴンが世界の文化や信仰の中でどのように位置付けられ、人々の生活や精神にどのような影響を与えてきたのかを探る。\n\n1. 王権とドラゴン\n\n古代からドラゴンは王や英雄の象徴として用いられてきた。特に中国では、龍は皇帝の権威を示す存在とされ、皇帝は「真龍の天子」と呼ばれた。皇帝のみが五本爪の龍を使用することが許され、宮殿や衣服には龍の意匠が施されていた。龍は天命を受けた支配者を象徴し、国の繁栄を願う存在として崇められたのである。\n\nヨーロッパでは、ドラゴンはしばしば王国のシンボルとして扱われた。例えば、ウェールズの国旗には赤いドラゴンが描かれており、これは「ウェールズの守護者」としての意味を持つ。また、アーサー王伝説に登場する「ペンドラゴン」という称号も「ドラゴンの頭」を意味し、王の強さや権威を象徴している。\n\n2. 守護者としてのドラゴン\n\nドラゴンは、古代から神聖な場所や財宝を守る存在として描かれてきた。例えば、ギリシャ神話に登場する「ラドン」というドラゴンは、黄金のリンゴを守るためにヘスペリデスの園に配置されていた。また、北欧神話に登場する「ニーズヘッグ」は、世界樹ユグドラシルの根をかじる存在であり、死者の世界と現世のバランスを保つ役割を担っていた。\n\n東洋の龍もまた、寺院や神殿の守護者として扱われることが多い。日本では、寺院の装飾や屋根に龍の彫刻が施され、火災や災害から建物を守る役割を持つと信じられていた。特に、龍神は水を司るため、雨乞いの儀式では龍を象った祭具が使われることもあった。
aBcDeFgHiJkL,5,2,3. 神話と宗教におけるドラゴン\n\n世界の多くの宗教において、ドラゴンは善と悪の両方の側面を持つ存在として登場する。\n\n① キリスト教におけるドラゴン\n\nキリスト教では、ドラゴンはしばしば悪の象徴として描かれる。その代表例が『ヨハネの黙示録』に登場する「赤き大いなる竜」である。これは悪魔の化身とされ、世界を滅ぼそうとする存在として描かれている。また、聖ジョージがドラゴンを退治する伝説は、「キリスト教の正義が異教の悪を打ち破る」という寓意として語られた。\n\n② 仏教における龍\n\n仏教では、龍は神聖な存在とされる。龍王は仏法の守護者であり、雨を司る存在として信仰された。日本の仏教寺院には龍をモチーフにした彫刻が多く見られ、これは龍が仏法を守る聖なる生物であることを示している。特に「八大龍王」は、仏陀の説法を聞いた龍王たちのことであり、仏教の信仰と深く結びついている。\n\n③ ヒンドゥー教とドラゴンの類似存在\n\nヒンドゥー教には「ナーガ」と呼ばれる蛇神が存在し、これはドラゴンと共通する特徴を持つ。ナーガは川や湖を支配し、神々の乗り物としても登場する。ナーガは人間に恵みをもたらす存在であると同時に、怒らせると災厄をもたらす存在でもある。この二面性は、東洋の龍と共通する部分が多い。\n\n4. 文化・芸術におけるドラゴン\n\nドラゴンは、神話や宗教だけでなく、芸術や民間伝承にも深く関わっている。\n\n① 絵画や彫刻の中のドラゴン\n\n中世ヨーロッパの教会には、ドラゴンを倒す聖ジョージの彫刻や絵画が多く残されている。これらは、キリスト教の勝利を象徴するものであり、信仰の象徴として崇められていた。また、中国や日本では、龍の壁画や彫刻が寺院や宮殿を飾り、神聖な存在として表現されている。\n\n② 伝統芸能とドラゴン\n\n中国の「龍舞」は、龍を模した長い飾りを人々が操り、舞いながら進む伝統芸能である。これは、龍が幸福と繁栄をもたらすと信じられているため、新年の祭りや祝い事で披露される。日本の「龍踊り」も同様の文化であり、地域の祭りで龍を象った舞が披露されることがある。\n\nまた、北欧のバイキング船の船首にはドラゴンの彫刻が施され、航海の守護神としての役割を持っていた。これは、ドラゴンが力強さと保護の象徴であることを示している。
aBcDeFgHiJkL,5,3,5. 現代の文化におけるドラゴン\n\n現代においても、ドラゴンはさまざまな形で文化の中に息づいている。映画、ゲーム、小説など、ファンタジー作品ではドラゴンが頻繁に登場し、人々の想像力を刺激し続けている。\n\n『ハリー・ポッター』シリーズには、さまざまなドラゴンが登場し、魔法世界の強大な生物として描かれている。\n\n『ゲーム・オブ・スローンズ』では、ドラゴンは軍事力の象徴として描かれ、戦争の行方を左右する存在となっている。\n\n『モンスターハンター』や『ドラゴンクエスト』などのゲームでは、ドラゴンは強敵や神聖な存在として重要な役割を果たす。\n\nこのように、ドラゴンは単なる伝説ではなく、現代文化の中でも強い影響力を持ち続けている。今後も、ドラゴンはさまざまな物語や芸術の中で進化し続けることだろう。
aBcDeFgHiJkL,6,1,ドラゴンは神話や伝説の生き物として知られているが、科学の観点から見たとき、果たしてそのような生物は実在したのだろうか？ あるいは、ドラゴンの伝承は、古代の人々が実際に目にした生物や自然現象をもとに生まれたものなのだろうか？ 本章では、化石記録や生物学、地質学の観点から、ドラゴンの起源や科学的な解釈を探る。\n\n1. 恐竜とドラゴンの関係\n\nドラゴンの伝説と最も関連が深いとされるのが、恐竜の化石である。古代の人々が巨大な骨を発見し、それを伝説の生物として解釈した可能性は非常に高い。\n\n① 古代の化石発見とドラゴンの誕生\n\n古代中国では、巨大な骨が発掘されると、それは龍の骨であると考えられた。実際、中国の古い文献には、村人が「龍の骨」を発掘したという記録が残っている。これらの骨は、後に恐竜のものであると判明したが、当時の人々にとっては神話の証拠と映ったのだろう。\n\n同様に、ギリシャやローマでも巨大な骨が発見され、それが神話の怪物のものであると考えられた。例えば、ギリシャ神話に登場する「グリフォン」（鷲と獅子の合成獣）の伝説は、中央アジアで発見されたプロトケラトプスの化石が元になっているという説がある。\n\n② 恐竜とドラゴンの共通点\n\n恐竜とドラゴンには多くの共通点がある。\n\n巨大な体：ドラゴンはしばしば巨体で描かれるが、恐竜も同様に巨大な生物だった。\n\n爬虫類に似た特徴：ドラゴンは鱗や爪を持ち、爬虫類に似た姿をしている。これは恐竜やワニに酷似している。\n\n翼のある恐竜：現在の研究では、一部の恐竜が羽毛を持っていたことが判明しており、翼を持つドラゴンの伝説とも関連がある可能性がある。
aBcDeFgHiJkL,6,2,2. 実在の動物が生んだドラゴン伝説\n\nドラゴンの伝説は、恐竜の化石だけでなく、実在する動物を誤認したことによって生まれた可能性もある。\n\n① ワニやヘビとの関係\n\n多くのドラゴンは蛇のような姿をしている。これは、実際に存在する大型のヘビやワニがモデルになった可能性がある。例えば、東洋の龍は水を司る存在とされるが、これはナイルワニやオオトカゲのような水辺に生息する爬虫類をもとにしているのかもしれない。\n\n② コモドドラゴン\n\nインドネシアに生息するコモドドラゴンは、現存する最大のトカゲであり、鋭い歯と強力な毒を持つ。中世の探検家がこの生物を目撃し、誇張して伝えたことが、ドラゴンの伝説に影響を与えた可能性がある。\n\n③ 巨大な海洋生物\n\n海のドラゴンやリヴァイアサンのような伝説は、巨大な海洋生物の目撃談が基になっている可能性がある。例えば、クジラの骨や巨大なイカの遺骸を見た古代の人々が、それを伝説の怪物として語り継いだのかもしれない。\n\n3. 火を吐くドラゴンの科学的解釈\n\nドラゴンの最も有名な能力の一つが、「火を吐く」ことである。このような能力を持つ生物は実在しないが、科学的な視点からいくつかの仮説が考えられる。\n\n① 化学反応を利用した火炎放射\n\n一部の動物は体内で化学物質を生成し、敵を攻撃する能力を持っている。例えば、爆弾甲虫（ボンバルディア・ビートル） は、体内で化学反応を起こし、高温の液体を噴射することができる。このような仕組みを持つ生物が進化すれば、火を吐くドラゴンのような生物が存在しても不思議ではない。\n\n② メタンを利用した火炎\n\n反芻動物（牛や羊など）は、消化の過程でメタンガスを発生させる。もしドラゴンのような生物が、体内でメタンを生成し、何らかの方法で点火できる仕組みを持っていたとすれば、火を吐く能力を持つことも理論上は可能である。
aBcDeFgHiJkL,6,3,4. ドラゴンが実在しなかった理由\n\nドラゴンが現存しない生物である理由を考えると、いくつかの要因が挙げられる。\n\nエネルギー問題：巨大な体を持ち、飛行し、火を吐く生物が存在するためには、膨大なエネルギーが必要となる。そのような生物が進化する可能性は低い。\n\n骨格の制約：哺乳類や爬虫類の骨格では、大型で空を飛ぶドラゴンのような形態を持つことは難しい。実際、現存する最も大きな飛翔生物であるアホウドリですら、飛行には多くの制約がある。\n\n化石記録がない：恐竜や巨大な爬虫類の化石は発見されているが、ドラゴンのような生物の化石は見つかっていない。\n\n5. ドラゴンは本当に空想の産物なのか？\n\nドラゴンは現代の科学では実在しないとされているが、それでも人々の想像力を刺激し続けている。近年では、遺伝子工学や人工生命体の研究が進み、未来の科学技術によって「ドラゴンのような生物」が誕生する可能性も考えられる。\n\nまた、ドラゴンの伝説が古代の化石発見や実在の動物に基づいている可能性があることを考えると、ドラゴンは単なる空想の生き物ではなく、過去の生物や自然現象を反映した存在なのかもしれない。\n\nいずれにせよ、ドラゴンは科学と空想の境界に存在し、これからも人々の心を惹きつけ続けるだろう。
aBcDeFgHiJkL,7,1,ドラゴンは、古代から神話や伝説の中で語り継がれてきたが、その影響は現代社会にも色濃く残っている。文学、映画、ゲーム、芸術など、あらゆる分野においてドラゴンは重要なモチーフとして活用され、私たちの文化や想像力を豊かにしている。本章では、ドラゴンが現代のメディアやポップカルチャーにどのような影響を与えているのかを探る。\n\n1. 文学におけるドラゴン\n\nドラゴンは、ファンタジー文学において最も象徴的な存在の一つである。英雄が倒すべき敵として、あるいは知恵を授ける存在として、多くの作品に登場する。\n\n① J.R.R.トールキンの影響\n\nJ.R.R.トールキンの『ホビットの冒険』に登場するドラゴン「スマウグ」は、現代ファンタジーにおけるドラゴン像の基礎を築いた。スマウグは知性を持ち、財宝を守る存在として描かれており、その影響は後の作品にも広がっている。\n\n② 現代ファンタジー小説のドラゴン\n\n『ハリー・ポッター』シリーズ（J.K.ローリング）：魔法界の生物として様々な種類のドラゴンが登場し、特に「ハンガリー・ホーンテイル」などは危険な生物として描かれる。\n\n『エラゴン』（クリストファー・パオリーニ）：ドラゴンと人間の絆をテーマにした作品で、ドラゴンライダーの物語が繰り広げられる。\n\n『氷と炎の歌』（ジョージ・R.R.マーティン）：『ゲーム・オブ・スローンズ』の原作で、ドラゴンが王権の象徴として重要な役割を果たす。\n\nこのように、ドラゴンは現代のファンタジー小説の中で欠かせない存在となっている。\n\n2. 映画・アニメにおけるドラゴン\n\n映画やアニメにおいても、ドラゴンは重要なキャラクターとして登場する。\n\n① 西洋映画のドラゴン\n\n『ドラゴンハート』（1996年）：人間の言葉を話す知的なドラゴン「ドレイコ」が登場し、人間とドラゴンの関係を描く。\n\n『ヒックとドラゴン』（2010年〜）：ドラゴンと人間が共存する世界を描き、ドラゴンの魅力や多様な姿を見せた。\n\n『ロード・オブ・ザ・リング』『ホビット』：先述のスマウグが映画化され、よりリアルな映像で表現された。\n\n② 日本のアニメ・映画のドラゴン\n\n『千と千尋の神隠し』（2001年）：龍の姿を持つハクが登場し、日本の龍神信仰と結びついたストーリーが展開される。\n\n『ドラゴンボール』シリーズ：神龍（シェンロン）やポルンガといった龍が願いを叶える存在として登場し、日本のドラゴン観を反映している。\n\n『ポケットモンスター』シリーズ：リザードン、カイリューなど、ドラゴンタイプのポケモンが人気を集める。\n\nこのように、ドラゴンは映画やアニメの中で多様な形で描かれ、視聴者に強い印象を与えている。
C4hD3jZ8rK6e,1,1,　熱帯の風がヤシの葉を揺らし、白い砂浜に波が静かに打ち寄せる。高級リゾート地「パラディーゾ・アイランド」は、この時期になると世界中の富豪や著名人で賑わう。特に、毎年開催されるバードウォッチングイベントは、希少な鳥を間近で観察できることで評判だった。\n\n　刑事ジェイク・ローレンスは、この楽園にバカンスとして訪れていた。日々の犯罪捜査から解放され、久しぶりにゆっくり過ごせると思っていた。しかし、その平穏は長くは続かなかった。\n\n　イベントの目玉であるフラミンゴの群れを観察するツアーが始まった直後、悲鳴が響き渡った。参加者の一人、実業家のハロルド・ウェストンが砂浜に倒れていたのだ。彼の周囲には数人の観光客が駆け寄り、ツアーガイドが慌ててスタッフを呼びに走る。ジェイクも反射的に現場へと向かった。\n\n　ウェストンの体はすでに冷たく、脈はなかった。顔色は青白く、苦悶の表情を浮かべている。何かを言いかけたまま絶命したかのようだった。死因は分からないが、単なる心臓発作にしては様子がおかしい。\n\n　そして、ジェイクは彼の傍らに落ちているものに気がついた――一本のフラミンゴの羽。
C4hD3jZ8rK6e,1,2,　その羽は、あまりにも不自然な場所にあった。強風が吹いているわけでもなく、フラミンゴは湖の方にいる。では、なぜここに羽が？ 何者かが意図的に置いたのではないか――そんな疑念がジェイクの頭をよぎる。\n\n　リゾートの医師が駆けつけたが、すでに死亡していることを確認するのみだった。スタッフの連絡で現地の警察もやってきたが、彼らの様子はどこか鈍かった。裕福な観光客の多いこの島では、トラブルはできる限り穏便に済ませたいのだろう。\n\n　「事件性はない。ただの発作だろう」\n\n　警察官の一人がそう言い放つと、周囲の参加者も安堵の表情を浮かべた。しかし、ジェイクは違和感を拭えなかった。もしこれが殺人だったら？ そして、あの羽にはどんな意味があるのか？\n\n　リゾートの華やかな表情の裏に、何かが隠されている。ジェイクの休暇は、思わぬ方向へと進んでいくことになる――。
C4hD3jZ8rK6e,2,1,　実業家ハロルド・ウェストンの死は、リゾートの静けさを一変させた。バードウォッチングツアーに参加していたセレブたちは、一様に動揺しながらも、誰もが口を揃えて「事故だったのだろう」と言い合った。島の警察も、遺体を簡単に調べただけで「自然死」として片付けようとしていた。\n\n　だが、刑事ジェイク・ローレンスはそうは思わなかった。遺体の隣に落ちていたフラミンゴの羽――その存在がどうにも不自然だった。風で飛んできたのではない。あれは、誰かが意図的に残したものではないのか？\n\n　「彼の死因を確認させてもらいたい」\n\n　ジェイクは現地の警察に掛け合ったが、相手は気乗りしない様子だった。\n\n　「観光客の事件はできるだけ穏便に処理したいんだ。おそらく心臓発作だろう。第一、あなたは刑事とはいえ、この島の管轄外の人間だ」\n\n　警察官の冷たい態度に、ジェイクはわずかに苛立ちを覚えた。だが、正式な捜査権限がない以上、今は大人しくするしかない。\n\n　彼は改めて、現場の様子を観察することにした。\n\n　ウェストンの遺体は、ビーチチェアの近くでうつ伏せになっていた。テーブルの上には、飲みかけのカクテルグラス。その縁には、わずかに赤みを帯びた指紋が残っていた。
C4hD3jZ8rK6e,2,2,　「血か？」\n\n　ジェイクは警察に頼み、グラスを調べさせるよう促した。しかし、警察は渋々ながらも「遺族の意向を確認してからだ」と、すぐに動く気はなさそうだった。\n\n　その間に、ジェイクはリゾートのスタッフやツアー参加者への聞き込みを始めた。\n\n　「彼が倒れる前、何か変わった様子は？」\n\n　「いや…特に。ただ、彼はイベントの前から誰かと電話で言い争っていたようだけど」\n\n　「誰と？」\n\n　「分からない。怒鳴り声が聞こえたが、相手の名前は出してなかった。でも、何か大事な話だったみたいだ」\n\n　電話の相手――それが事件の鍵になるかもしれない。\n\n　さらにジェイクは、ウェストンの宿泊していたヴィラへ向かうことにした。リゾートの支配人に掛け合い、特別に部屋を見せてもらう。そこには、彼の私物がそのまま残されていた。\n\n　机の上には、開かれたままのノートパソコン。画面にはメールの下書きが表示されていた。\n\n　「遺言の件で話がある。今夜、フラミンゴ・バーで会おう」\n\n　フラミンゴ・バー――このリゾート内にある高級ラウンジの名前だ。誰かと遺言について話し合うつもりだったのか？ だが、その約束を果たす前に、彼は死んだ。\n\n　ジェイクは考える。彼は偶然死んだのではなく、殺されたのではないか？ そして、犯人は何かを示すためにフラミンゴの羽を残したのではないか？\n\n　事件は、まだ始まったばかりだった。
C4hD3jZ8rK6e,3,1,　ハロルド・ウェストンの死から一夜明けても、リゾートの雰囲気は変わらなかった。プールサイドではカクテルを楽しむセレブたちの笑い声が響き、カジノでは煌びやかなドレスに身を包んだ客がルーレットを回している。まるで何事もなかったかのように、楽園の表面は平穏を装っていた。\n\n　しかし、その裏では異変が起きていた。ウェストンの死の直後から、リゾートを出発しようとする者が何人かいたのだ。刑事ジェイク・ローレンスはそれを見逃さなかった。\n\n　彼はまず、ウェストンと親交のあった人物を洗い出し、一人ずつ話を聞くことにした。
C4hD3jZ8rK6e,3,2,「カトリーナ・ウェストン」――ハロルドの元妻。モデル兼実業家。華やかなブロンドの髪をかき上げ、カバナのソファに座る彼女の表情には、悲しみの色は薄かった。\n\n　「ハロルドとはもう何年も会ってなかったわ。離婚後も連絡は取っていたけど、ビジネスの話ばかりだったわね」\n\n　「昨夜、彼と話しましたか？」\n\n　「いいえ。でも、昨日の朝、弁護士から電話があったわ。ハロルドが“遺言を変更した”って」\n\n　「遺言の内容は？」\n\n　「さあ、まだ聞いていないの。でも、彼が私の取り分を減らすつもりだったとしたら…誰かが怒っても不思議じゃないわね」
C4hD3jZ8rK6e,3,3,「ヴィクター・ローズ」――ウェストンのビジネスパートナー。鋭い目つきの男で、投資会社を経営している。ウェストンと共にいくつもの企業を買収し、莫大な利益を上げてきた。\n\n　「ハロルドの死は…痛ましいことだ」\n\n　「昨夜、彼と話しましたか？」\n\n　「いいや。だが、最近の彼は妙に神経質になっていた。『誰かに狙われている』とまで言っていたよ」\n\n　「何か心当たりは？」\n\n　「正直、彼には敵が多かったからな。投資の世界は甘くない。彼を恨んでいる奴は大勢いる」
C4hD3jZ8rK6e,3,4,「エレナ・サンチェス」――リゾートのオーナーであり、ウェストンの長年の友人。美しく洗練された女性で、場の空気を支配するカリスマ性を持っていた。\n\n　「彼の死は、このリゾートにとっても大きな痛手よ」\n\n　「昨夜、彼と会っていましたか？」\n\n　「ええ。フラミンゴ・バーで少し話をしたわ」\n\n　ジェイクの胸がざわつく。遺言のメールに書かれていた場所だ。\n\n　「何の話を？」\n\n　「彼が、近々重大な決断をするつもりだと言っていたわ。でも、その内容は教えてくれなかった」
C4hD3jZ8rK6e,3,5,　カトリーナ、ヴィクター、エレナ――誰もが何かを隠している。だが、決定的な証拠はまだない。\n\n　そして、ジェイクは確信した。\n\n　ウェストンの死は偶然ではない。この楽園の裏には、華やかな仮面の下に隠された闇がある。
C4hD3jZ8rK6e,4,1,　刑事ジェイク・ローレンスは、リゾートのビーチを歩きながら、事件の鍵となるフラミンゴの羽について考えていた。ハロルド・ウェストンの遺体のそばに落ちていたあの羽は、ただの偶然なのか、それとも犯人からのメッセージなのか？\n\n　もし意図的に置かれたものなら、犯人はなぜフラミンゴの羽を選んだのか――その意味を探るため、ジェイクはリゾート内のバードウォッチングガイドであるピーター・グラントを訪ねた。
C4hD3jZ8rK6e,4,2,「フラミンゴの羽？ それはまた珍しい質問ですね」\n\n　ピーターは、リゾートのバードウォッチングツアーを担当する専門家だ。彼はジェイクの手にある羽をじっと見つめた後、首をかしげた。\n\n　「この羽は、確かにこの島のフラミンゴのものです。ただし、少し変わっていますね」\n\n　「変わっている？」\n\n　「通常、フラミンゴの羽は鮮やかなピンクですが、これは少し赤みが強い。何かの影響を受けたのかもしれません」\n\n　ジェイクは、事件現場にあった飲みかけのカクテルグラスを思い出した。グラスの縁に付着していた赤い指紋。もしこれが血だったとしたら？\n\n　「フラミンゴが何か特別な行動を取ることは？」\n\n　ピーターは一瞬考えた後、静かに答えた。\n\n　「フラミンゴは群れで行動する生き物です。そして、縄張りを守るために、時には仲間同士で争うこともあります。それに、フラミンゴの羽ばたきは、危険を知らせる合図になることもあります」\n\n　ジェイクの頭の中で、一つの仮説が生まれた。\n\n　もし、フラミンゴの羽が事件の目撃者を示していたとしたら？
C4hD3jZ8rK6e,4,3,　ジェイクは次に、事件当夜のフラミンゴの動きを調べるため、リゾートの監視カメラ映像を確認することにした。支配人のエレナ・サンチェスに頼み、ビーチやラウンジ周辺の映像を見せてもらう。\n\n　すると、事件が起きた時間帯、ウェストンが倒れた場所の近くでフラミンゴの群れが騒いでいたことが分かった。通常なら静かに湖のほとりで過ごしているはずのフラミンゴたちが、一斉に羽をばたつかせていたのだ。\n\n　「この時、何か異常があったんじゃないか？」\n\n　ジェイクはスタッフに確認すると、ある従業員が興味深い証言をした。\n\n　「そういえば、その夜、誰かがフラミンゴにエサをやっていたんです。でも、暗くて顔は分かりませんでした」\n\n　「それは事件が起きる前？ それとも後？」\n\n　「正確には分かりません。でも、フラミンゴたちは何かに驚いて飛び立っていきました」
C4hD3jZ8rK6e,4,4,　ジェイクは、フラミンゴの羽が示している可能性を整理した。\n\n　1. フラミンゴの羽は、犯人が意図的に残したものかもしれない。\n\n　2. 事件当夜、誰かがフラミンゴにエサをやっていた。\n\n　3. フラミンゴたちは何かに驚き、騒ぎ始めた。\n\n　フラミンゴは、事件の「目撃者」かもしれない。ならば、その時近くにいた人物こそが、事件の鍵を握っている。\n\n　そして、ジェイクは確信した。\n\n　この事件には、まだ隠された真実がある。
C4hD3jZ8rK6e,5,1,　刑事ジェイク・ローレンスは、事件当夜にフラミンゴへエサをやっていた謎の人物を探すことにした。フラミンゴたちが異常な反応を示したのは、ちょうどハロルド・ウェストンが倒れた時間と重なる。ならば、犯人はフラミンゴのそばにいた可能性が高い。\n\n　彼はリゾートの従業員に再度聞き込みを行った。すると、あるバーテンダーが興味深い証言をした。\n\n　「その夜、黒いドレスを着た女性がフラミンゴの近くに立っていたのを見たよ。彼女は一人でいて、誰かを待っているようだった」\n\n　「顔は見えたか？」\n\n　「暗かったからはっきりとは分からないけど、髪の長い女性だったな。確か、手に何か白い封筒を持っていたのを覚えてる」\n\n　白い封筒。ジェイクの脳裏に、ウェストンの遺言の話がよぎる。彼が死ぬ直前に「遺言の件で話がある」とメールを送っていたことを考えると、その封筒には重要な書類が入っていたのではないか？
C4hD3jZ8rK6e,5,2,　ジェイクは、事件の関係者の中で「黒いドレスを着る可能性のある長髪の女性」を絞り込んだ。候補に挙がったのは、カトリーナ・ウェストン（元妻）と、エレナ・サンチェス（リゾートのオーナー）の二人だった。\n\n　まず、カトリーナに会いに行く。彼女はプールサイドで優雅にカクテルを飲んでいたが、ジェイクの鋭い視線を受け、ため息をついた。\n\n　「また質問？ 何度も言ったけど、私は彼とはもう関係ないわ」\n\n　「事件当夜、フラミンゴのそばにいたのを見られている」\n\n　カトリーナの手が一瞬止まった。だが、すぐに笑みを浮かべた。\n\n　「私じゃないわよ。そもそも、私はその夜ずっとラウンジにいたもの」\n\n　彼女のアリバイを確認すると、確かにラウンジで複数の客と話していたことが分かった。ならば、もう一人の候補――エレナ・サンチェスに話を聞くべきだ。
C4hD3jZ8rK6e,5,3,　ジェイクはリゾートのオフィスに向かった。エレナはデスクに座り、静かにジェイクを見つめていた。\n\n　「どうしたの、刑事さん？」\n\n　「事件当夜、フラミンゴの近くにいた女性の目撃証言がある。そして、その女性は白い封筒を持っていたそうだ」\n\n　エレナは微かに眉をひそめた。\n\n　「私を疑っているの？」\n\n　「疑うというより、真実を知りたいだけだ」\n\n　しばらく沈黙が続いた後、エレナはゆっくりと口を開いた。\n\n　「…確かに、その夜、私はフラミンゴのそばにいたわ。でも、それは単に散歩をしていただけよ」\n\n　「封筒のことは？」\n\n　エレナはため息をついた後、デスクの引き出しから一枚の封筒を取り出した。そして、ジェイクの前に差し出した。\n\n　「これがその封筒よ。中を見て」\n\n　ジェイクは封筒を開いた。そこには、一通の手紙が入っていた。\n\n　「この遺言が公になる前に、話し合いたい」\n\n　それは、ウェストンが事件当夜に書いたと思われるメモだった。しかし、そこには誰宛かは書かれていない。\n\n　「これをどこで？」\n\n　「彼のヴィラのドアの下に挟まっていたの」\n\n　つまり、ウェストンは誰かにこの手紙を送ろうとしていた。そして、その相手と話す前に殺された可能性が高い。
C4hD3jZ8rK6e,5,4,　ジェイクは手紙を見つめながら考えた。\n\n　ウェストンは何を伝えようとしていたのか？\n\n　遺言の内容は？\n\n　そして、その手紙を受け取るはずだったのは誰なのか？\n\n　事件の鍵を握るのは、この手紙の宛先だ。そして、フラミンゴの羽が示していたのは、やはりこの封筒だったのかもしれない。\n\n　ジェイクは確信した。\n\n　真相は、もうすぐ明らかになる。
C4hD3jZ8rK6e,6,1,　刑事ジェイク・ローレンスは、手にした封筒を見つめながら考えを巡らせていた。ハロルド・ウェストンが事件当夜に書いたメモには、「この遺言が公になる前に、話し合いたい」とだけ記されている。だが、肝心の遺言書そのものが見つかっていない。\n\n　遺言はどこにあるのか？ そして、なぜ彼はそれを「話し合う」必要があったのか？\n\n　ジェイクはエレナ・サンチェスに向き直った。\n\n　「この封筒を見つけたとき、他に何か変わったものはなかったか？」\n\n　エレナはしばらく考えた後、ゆっくり首を振った。\n\n　「いいえ。ただ、彼の部屋の前を通ったとき、ドアがほんの少し開いていたのを覚えているわ。誰かが中にいたのかもしれない」\n\n　その言葉に、ジェイクの警戒心が強まる。もしその時、すでにウェストンが殺されていたのなら、犯人はまだ部屋の中にいた可能性がある。\n\n　そして、最も重要な疑問が残る。\n\n　遺言書は、なぜ消えたのか？
C4hD3jZ8rK6e,6,2,　ジェイクはウェストンのヴィラへ向かうことにした。リゾートの管理人に鍵を借り、深夜の静まり返った部屋へと足を踏み入れる。\n\n　ウェストンの部屋はすでに警察によって調べられていたが、ジェイクは改めて何か見落としがないかを確認した。\n\n　デスクの上には、事件当夜のカクテルグラスがまだ置かれていた。その横には、高級な万年筆と、乱雑に散らかった紙の束がある。しかし、遺言書らしきものは見当たらない。\n\n　ジェイクはゆっくりと部屋を歩き回り、クローゼットの中を確認した。すると、床に一枚の紙切れが落ちているのを見つけた。\n\n　彼は慎重にそれを拾い上げた。\n\n　「第2条：財産の一部を匿名の慈善団体へ寄付する」\n\n　遺言書の一部のようだ。しかし、これだけでは内容の全貌は分からない。\n\n　誰かが遺言書を破り、持ち去ったのか？\n\n　その瞬間、ジェイクの脳裏にある可能性がよぎる。\n\n　ウェストンの遺言が改定されることで、不利益を被る人物がいるとしたら？\n\n　その人物こそが、遺言を隠そうとした犯人かもしれない。
C4hD3jZ8rK6e,6,3,　ジェイクは、事件当夜にウェストンと接触した可能性のある人物を改めて洗い出す。\n\n　- カトリーナ・ウェストン（元妻）\n\n　　→ 遺言が変更されたことで、財産分与の取り分が減る可能性がある。\n\n　- ヴィクター・ローズ（ビジネスパートナー）\n\n　　→ 彼との共同事業に影響が出る可能性がある。\n\n　- エレナ・サンチェス（リゾートオーナー）\n\n　　→ 遺言にリゾートの所有権に関する条項が含まれていたなら、彼女にとっても影響がある。\n\n　ジェイクは、見つけた紙切れを持って、再びカトリーナの元へ向かった。
C4hD3jZ8rK6e,6,4,「刑事さん、夜中に訪問なんてロマンチックね。でも、私はもう寝るところだったの」\n\n　カトリーナはシルクのローブを羽織りながら、余裕の笑みを浮かべていた。しかし、ジェイクは怯まなかった。\n\n　「遺言書の一部を見つけた」\n\n　カトリーナの笑顔が、ほんの一瞬だけ固まる。\n\n　「それがどうしたの？」\n\n　「財産の一部を匿名の慈善団体に寄付すると書かれていた。つまり、君が相続する分が減る可能性が高い」\n\n　「…それが私と何の関係があるの？」\n\n　「ウェストンが事件当夜、遺言書について誰かと話し合おうとしていた。その相手は君か？」\n\n　カトリーナは静かにジェイクを見つめた後、肩をすくめた。\n\n　「確かに、私は遺言の話を聞いていたわ。でも、そんなことで彼を殺すわけないでしょう？」\n\n　ジェイクはカトリーナの部屋を見渡した。すると、ドレッサーの上に置かれた白い封筒が目に留まった。\n\n　「それを見せてもらっても？」\n\n　「これは…私の手紙よ」\n\n　カトリーナは軽く笑ったが、手の動きが少しぎこちない。\n\n　ジェイクは彼女をじっと見つめた。\n\n　この封筒の中に、遺言書の残りが入っているのではないか？
C4hD3jZ8rK6e,6,5,　事件の真相は、少しずつ浮かび上がってきている。\n\n　消えた遺言書の行方、フラミンゴの羽の意味、そしてウェストンが死ぬ直前に話したかったこと。\n\n　ジェイクは確信した。\n\n　この事件の鍵は、あと一歩のところまで来ている。
C4hD3jZ8rK6e,7,1,　カトリーナ・ウェストンの部屋で見つけた白い封筒。刑事ジェイク・ローレンスは、その封筒に目を留めた。\n\n　「それを見せてもらえるか？」\n\n　カトリーナは微笑を浮かべたまま、封筒を手に取った。\n\n　「これは私の私信よ。事件とは関係ないわ」\n\n　「そう言われると、余計に気になるな」\n\n　ジェイクは一歩踏み出した。カトリーナはしばらく考え込んだ末、わずかに肩をすくめ、封筒を差し出した。ジェイクがそれを開けると、そこには数枚の書類が入っていた。そして、その中にウェストンの遺言書の一部が含まれていた。\n\n　「これはどういうことだ？」\n\n　カトリーナはため息をつき、ソファに腰を下ろした。\n\n　「…正直に話すわ。事件の夜、私はハロルドの部屋を訪ねたの。でも、彼はすでに倒れていた。そして、机の上にはこの書類があったのよ」\n\n　「なぜそれを持ち去った？」\n\n　「私が彼の遺産を相続するはずだったのに、彼が直前になって遺言を変更したと知ったのよ。動揺して、つい…」\n\n　ジェイクは遺言書の内容に目を通した。そこにはこう書かれていた。\n\n　『私の全財産の半分を、ある慈善団体に寄付する』\n\n　「“ある慈善団体”とは？」\n\n　「知らないわ。でも、ハロルドは最近、ヴィクター・ローズと何か話し合っていた。きっと彼なら知っているはずよ」\n\n　ジェイクの表情が険しくなる。ヴィクター・ローズはウェストンのビジネスパートナーであり、事件当夜にもリゾートに滞在していた人物だ。もし彼がこの遺言の内容を知っていたのなら、事件に関与している可能性がある。
C4hD3jZ8rK6e,7,2,　ジェイクはすぐにヴィクターの部屋へ向かった。ドアをノックすると、中から低い声が聞こえた。\n\n　「誰だ？」\n\n　「ローレンス刑事だ。話がある」\n\n　しばらくの沈黙の後、ドアが開いた。ヴィクターは不機嫌そうにジェイクを見つめていた。\n\n　「もう夜遅いぞ。何の用だ？」\n\n　「ウェストンの遺言書について知っていることを話してもらおう」\n\n　ヴィクターの表情がわずかに揺れたが、すぐに冷静さを取り戻した。\n\n　「遺言？ そんなものには興味はない」\n\n　「そうか？ ならば、なぜウェストンは遺言を改定する直前に、君と頻繁に会っていたんだ？」\n\n　ヴィクターは一瞬だけ視線をそらした。そして、ジェイクを中へ招き入れた。\n\n　「…お前には隠しても無駄か。実は、俺は彼にある慈善事業の資金提供を頼んでいたんだ」\n\n　「どんな事業だ？」\n\n　「環境保護だよ。ウェストンもこのリゾートの自然環境を守ることには興味を持っていた。特に、この島のフラミンゴの保護活動にはね」\n\n　ジェイクの眉が動いた。\n\n　「フラミンゴの保護活動？」\n\n　「そうだ。彼は、島のフラミンゴを守るために資金を提供しようとしていた。そのために遺言を変更し、財産の半分をこのプロジェクトに回すつもりだったんだ」\n\n　ジェイクは遺言の一節を思い出す。「財産の一部を匿名の慈善団体に寄付する」。それは、フラミンゴの保護団体だったのか。\n\n　「つまり、ウェストンが財産を保護活動に回すことで、困る人間がいるとすれば？」\n\n　「カトリーナだろうな」\n\n　「彼女は遺言の変更に気づいていた。だが、もう一人、怪しい人物がいる」\n\n　ジェイクはヴィクターをじっと見つめた。\n\n　「エレナ・サンチェスだ」\n\n　ヴィクターは驚いたように目を見開いた。\n\n　「エレナが？ まさか…」\n\n　「ウェストンが財産の一部をフラミンゴの保護に使うということは、このリゾートの拡張計画に影響を与える可能性がある。エレナにとっては大きな問題だろう」\n\n　ヴィクターはしばらく黙っていたが、やがて頷いた。\n\n　「確かに、彼女は最近資金集めに必死だった。もしウェストンが財産を保護活動に回せば、彼女の計画は水の泡になる」\n\n　ジェイクは静かに立ち上がった。\n\n　エレナ・サンチェス。彼女は事件にどう関わっているのか？\n\n　フラミンゴの羽が現場に残された理由は？\n\n　事件の全貌は、あと少しで見えてくる。
C4hD3jZ8rK6e,8,1,　刑事ジェイク・ローレンスは、リゾートのオーナーであるエレナ・サンチェスと向き合っていた。\n\n　事件の鍵となる遺言書の内容が明らかになった今、エレナがこの事件にどこまで関与しているのかを探る必要がある。\n\n　「ウェストンは財産の半分をフラミンゴの保護活動に寄付するつもりだったそうだな」\n\n　エレナの表情が一瞬だけ揺らいだ。\n\n　「ええ、そんな話は聞いたわ。でも、それが事件と何の関係があるの？」\n\n　「大いに関係があるさ」\n\n　ジェイクはエレナのオフィスの窓から、月明かりに照らされたリゾートの敷地を見渡した。遠くの湖には、フラミンゴたちが静かに羽を休めている。\n\n　「君はこのリゾートの拡張計画を進めていた。だけど、ウェストンの遺産が保護活動に使われるとなれば、資金計画は大幅に狂うことになる」\n\n　エレナはため息をつき、ソファに深く腰を下ろした。\n\n　「確かに、彼の財産が環境保護に回るのは私にとって痛手だったわ。でも、それだけの理由で彼を殺すなんて、あまりに短絡的じゃない？」\n\n　「それが本当に ‘それだけの理由’ ならな」\n\n　ジェイクはエレナのデスクにあった書類に目を留めた。そこにはリゾート拡張計画の詳細が記されている。\n\n　「事件当夜、君はウェストンと話していたそうだな」\n\n　「…ええ。でも、それはビジネスの話よ」\n\n　「そうか？」\n\n　ジェイクはポケットからフラミンゴの羽を取り出し、エレナの前に置いた。\n\n　「ウェストンの遺体のそばに、これが落ちていた」\n\n　エレナの指が微かに震えた。\n\n　「それが…何？」\n\n　「この羽は、リゾート内のどこにでもあるものじゃない。特定の場所、つまり湖の近くでしか手に入らない」\n\n　ジェイクは一歩近づき、低い声で言った。\n\n　「ウェストンは事件の夜、遺言書を持って湖に向かったんじゃないのか？」\n\n　エレナの顔がこわばる。\n\n　「どうしてそんなことを…？」\n\n　「彼は遺言書を誰かに見せるつもりだった。そして、その人物と話し合おうとしていた」\n\n　ジェイクはポケットから、ウェストンが残したメモを取り出した。そこにはこう書かれている。\n\n　『この遺言が公になる前に、話し合いたい』\n\n　「ウェストンが話し合いたかった相手は、君じゃないのか？」
C4hD3jZ8rK6e,8,2,　エレナはしばらく沈黙していたが、やがて小さく笑った。\n\n　「さすがね、刑事さん。あなたの推理はおおよそ正しいわ」\n\n　彼女はデスクの引き出しを開け、ウェストンの遺言書の別のページを取り出した。\n\n　「事件の夜、私は確かに彼と会ったわ。でも、彼を殺してはいない」\n\n　ジェイクは紙を手に取った。そこには驚くべきことが書かれていた。\n\n　『財産の半分をフラミンゴの保護活動に寄付する。残りの半分は、エレナ・サンチェスに託す』\n\n　ジェイクは眉をひそめた。\n\n　「つまり、君はこの遺言で財産を受け取ることになっていた。だが、その遺言が正式に発表される前に、ウェストンは殺された」\n\n　エレナは微笑を浮かべたまま、目を細めた。\n\n　「だから言ったでしょう？ 私には彼を殺す理由がないって」\n\n　確かに、エレナは遺言の変更によって利益を得る立場だった。もし彼女が犯人なら、むしろ遺言書を公にするはずだ。\n\n　だが、遺言書は消え、ウェストンは死んだ。\n\n　では、誰がこの遺言の存在を隠そうとしたのか？
C4hD3jZ8rK6e,8,3,　ジェイクは遺言書をじっと見つめた。犯人の動機が少しずつ見えてきた。\n\n　「エレナ、君にもう一つ聞きたい」\n\n　「何かしら？」\n\n　「ウェストンは遺言を正式に弁護士に託していたのか？」\n\n　エレナは首を振った。\n\n　「いいえ。彼は慎重な人だったから、まだ正式な手続きを取っていなかった。でも、確かにこの内容で決まっていたわ」\n\n　ジェイクの胸に、一つの確信が生まれた。\n\n　遺言の変更を知った誰かが、ウェストンを殺し、遺言を隠した。\n\n　「そうか…ならば、犯人はこの事実を絶対に公にしたくなかったはずだ」\n\n　エレナは少しだけ顔を曇らせた。\n\n　「つまり、誰かが ‘私が遺産を相続する’ ことを阻止しようとした？」\n\n　「その可能性が高い」\n\n　ジェイクは深く息を吸った。\n\n　この事件の背後には、単なる金銭問題以上の秘密がある。\n\n　そして、その真実を暴くために、彼は決定的な証拠を探さなければならなかった。
C4hD3jZ8rK6e,9,1,　エレナ・サンチェスの証言によって、事件の背後にある遺言書の謎が明らかになった。しかし、それは新たな疑問を生んだ。\n\n　犯人はなぜウェストンを殺し、遺言書を隠そうとしたのか？\n\n　もしもエレナが遺言の受取人であることを知っていたのなら、彼女を犯人に仕立て上げるために、遺言書を消し去る動機があったはずだ。そして、それができる人物は限られている。\n\n　「ジェイク、あなたの考えは分かったわ。でも、証拠は？」\n\n　エレナの問いに、ジェイクは腕を組んだまま考え込んだ。犯人は遺言書を持ち去り、それを完全に消す手段を講じたはずだ。\n\n　隠すには危険すぎる。ならば、処分した可能性が高い。\n\n　ジェイクの視線が、窓の外の湖へと向かう。静かな水面が月明かりを受け、わずかに揺れていた。\n\n　「…湖だ」\n\n　「え？」\n\n　「犯人は証拠をこの湖に沈めた可能性がある」\n\n　ジェイクはすぐにリゾートの管理人に連絡を取り、小型ボートの手配を依頼した。エレナも同行すると申し出たが、ジェイクは断った。\n\n　「危険かもしれない。俺一人で十分だ」
C4hD3jZ8rK6e,9,2,　ジェイクは管理人と共にボートを湖に出し、水中カメラを使って湖底を調査した。\n\n　「刑事さん、本当にここに何かあるんですか？」\n\n　管理人が疑わしげに尋ねる。ジェイクは湖の中央に差し掛かった時、ふと水中カメラの映像に目を留めた。\n\n　「待て、そこを拡大してくれ」\n\n　映し出されたのは、泥に半分埋もれた黒い箱だった。\n\n　「…これは！」\n\n　ジェイクの胸が高鳴る。管理人と協力して湖に潜り、慎重にその箱を引き上げた。水を含んだ重い箱をボートに乗せ、急いで蓋を開ける。\n\n　中には、ビニール袋に包まれた書類の束があった。\n\n　ジェイクが震える手で袋を開くと、そこにはウェストンの遺言書の原本があった。\n\n　「やはり、証拠を隠すために沈められたか…」\n\n　しかし、それだけではなかった。遺言書の下にはもう一枚、何かの契約書が入っていた。\n\n　ジェイクは契約書のタイトルを読んで、目を見開いた。\n\n　『ヴィクター・ローズおよびエレナ・サンチェス間の共同出資契約』\n\n　「これは…？」\n\n　その瞬間、ボートが突然揺れた。ジェイクが振り向くと、管理人が何かを手にしていた。\n\n　「すまないな、刑事さん」\n\n　管理人の目が鋭く光る。ジェイクはすぐに身を翻し、相手の手をつかもうとした。だが、その前に銃声が鳴り響いた。\n\n　湖の静寂を破る一発の銃声。ジェイクは反射的に身を伏せた。\n\n　「くそっ…！」\n\n　管理人が銃を構え直す。しかし、その直後、背後から誰かが飛びかかり、管理人を押さえつけた。\n\n　「やめなさい！」\n\n　エレナ・サンチェスだった。\n\n　彼女はボートに飛び乗り、管理人の腕を強く掴んだ。銃は湖に落ち、水中へと沈んでいった。ジェイクはすかさず管理人を拘束する。\n\n　「…一体、何がどうなってる？」\n\n　エレナは息を切らしながら、ジェイクを見つめた。\n\n　「あなたが湖に向かったと聞いて、嫌な予感がして…急いで来たのよ」\n\n　ジェイクはうなずき、拘束された管理人を見下ろした。\n\n　「さて、話を聞かせてもらおうか」\n\n　管理人は苦々しい表情を浮かべながらも、観念したように口を開いた。\n\n　「…俺は、ヴィクターに雇われた」\n\n　「やはり、ヴィクター・ローズか…！」\n\n　ジェイクの推理が確信へと変わった。ヴィクターはウェストンの遺産がフラミンゴの保護活動に使われることを恐れていた。そして、それを阻止するためにウェストンを殺害し、遺言書を消そうとしたのだ。\n\n　「ヴィクターはウェストンが財産をフラミンゴの保護に使うと知り、焦っていた。だから俺に金を渡し、証拠を処分させたんだ」\n\n　「…なるほどな」\n\n　ジェイクは管理人を警察に引き渡すべく、ボートを岸へと向けた。\n\n　事件の核心に一歩近づいた今、残る謎は一つ。\n\n　ヴィクター・ローズは本当に単独犯なのか？\n\n　それとも、背後にさらに大きな陰謀が潜んでいるのか？\n\n　ジェイクは、最後のピースを探しに向かう。
C4hD3jZ8rK6e,10,1,　ヴィクター・ローズの名前が浮上し、事件の構図はほぼ見えてきた。だが、ジェイクにはまだ引っかかる点があった。\n\n　ウェストンの遺言書を湖に沈めたのは管理人だが、ウェストンを殺したのは別の人物ではないか？\n\n　そう考える理由は、ウェストンの死因が毒殺だったことにある。毒を仕込むには事前の準備が必要だ。ならば、犯人はもっとウェストンの身近な存在だった可能性が高い。
C4hD3jZ8rK6e,10,2,　ジェイクはヴィクター・ローズが滞在しているヴィラへと向かった。扉をノックすると、少し間を置いてヴィクターが姿を現した。\n\n　「これは驚いたな。こんな時間に何の用だ？」\n\n　「君に聞きたいことがある。ウェストンを殺したのはお前か？」\n\n　ジェイクの直球の問いに、ヴィクターは一瞬だけ動揺したが、すぐに薄笑いを浮かべた。\n\n　「何を言っている？ 私はウェストンを殺してなどいない」\n\n　「だが、遺言書を消そうとしたのはお前の仕業だ」\n\n　「証拠は？」\n\n　ジェイクは湖から引き上げた遺言書のコピーをテーブルに置いた。\n\n　「これが証拠だよ、ヴィクター。ウェストンは財産をフラミンゴの保護活動に寄付するつもりだった。それを阻止しようとしたのは間違いなくお前だ」\n\n　ヴィクターはゆっくりと息を吐いた。\n\n　「確かに、私は遺言を公にされたくなかった。しかし、殺しはやっていない」\n\n　「では、誰が？」\n\n　ジェイクの問いに、ヴィクターは皮肉めいた笑みを浮かべながら答えた。\n\n　「…エレナ・サンチェスさ」\n\n　ジェイクはエレナのもとへ向かった。彼女はリゾートのオフィスで待っていた。\n\n　「ヴィクターは君が犯人だと言っている」\n\n　エレナはわずかに目を細めたが、取り乱す様子はなかった。\n\n　「…そう言うと思ったわ」\n\n　「つまり？」\n\n　「ジェイク、私はウェストンを殺していない。でも、彼を殺した犯人が誰なのか、もう分かっているわ」\n\n　ジェイクは眉をひそめた。\n\n　「誰だ？」\n\n　エレナは静かに答えた。\n\n　「リンダ・ウェストンよ」\n\n　ウェストンの後妻であり、事件発生当時から不自然に表舞台に出てこなかった女性だ。\n\n　「彼女はウェストンが遺言を変更することを知っていたのよ。彼が財産をフラミンゴの保護活動に寄付するつもりだったこともね」\n\n　ジェイクは拳を握りしめた。\n\n　「それで、彼女は毒を仕込んだというわけか」\n\n　「そうよ。彼の食事に少しずつ毒を盛っていた。そして、最後の夜に致死量に達したの」\n\n　「…なるほどな」\n\n　ジェイクはすぐにリンダのもとへ向かった。
C4hD3jZ8rK6e,10,3,　リンダ・ウェストンの滞在していたスイートルームで、彼女はすでに荷造りを終えていた。\n\n　「刑事さん、何の用かしら？」\n\n　「あなたを逮捕する」\n\n　ジェイクは手錠を取り出した。リンダは冷たい目で彼を見つめた。\n\n　「証拠は？」\n\n　ジェイクは彼女の前に、一枚の紙を差し出した。\n\n　ウェストンの遺書のメモ\n\n　『もし私が突然死んだ場合、犯人は私の最も身近な存在のはずだ』\n\n　リンダは小さく笑い、両手を差し出した。\n\n　「…負けたわね」\n\n　ジェイクは静かに手錠をかけた。
C4hD3jZ8rK6e,10,4,　事件が終わった後、ジェイクはリゾートの湖を見つめていた。\n\n　「フラミンゴの羽が導いた真実、か…」\n\n　エレナが隣に立ち、微笑んだ。\n\n　「彼が守ろうとしたものは、ちゃんと残ったわね」\n\n　ジェイクはうなずいた。\n\n　フラミンゴの遺言は、消えることなく受け継がれたのだ。
Hh5r4Kj9Tb8v,1,1,東京郊外の小さなアパートに住むサキ（28歳）は、新進気鋭のピアニスト兼作曲家。朝日が差し込む部屋で、彼女は新作の楽譜に向かっていた。しかし、インスピレーションは湧かず、ペンを置いて窓の外を見る。\n\n「もうすぐあの季節ね」\n\n彼女は小さなカレンダーに丸をつけた。毎年3月になると、サキは電車に乗って郊外の湿地帯を訪れる。そこは丹頂鶴が飛来する場所で、彼女にとっての特別な聖地だった。\n\n幼い頃、音楽家だった祖父に連れられて初めてツルを見た日のことを思い出す。白い羽と赤い冠、そして何より、その優雅な舞に心を奪われた。「この美しさを音に変えられたら」—その日から、サキの音楽人生が始まった。\n\n翌日、サキは湿地帯へと向かう。澄んだ青空の下、視界に入ったのは舞い降りるツルたち。サキは息を呑む。一羽、また一羽と舞い降りるツルを見つめ、彼女はメモ帳に音符を走らせ始める。\n\n「今年も来てくれたのね」\n\nツルの優雅な動き、二羽で踊るような所作、鳴き声—すべてが彼女の中で音楽に変わっていく。湿地帯を訪れる人々の中で、サキだけが耳を澄まし、ツルの舞から音楽を聴き取っていた。\n\n帰り道、サキの頭の中はすでに新しい旋律でいっぱいになっていた。アパートに戻るとすぐにピアノに向かい、指が鍵盤の上を踊り始める。ツルの舞から生まれた新しい音楽の誕生だった。
Hh5r4Kj9Tb8v,2,1,サキの音楽活動は、小さなカフェでのピアノ演奏と音楽教室での講師が中心だった。しかし、ツルから着想を得た彼女のオリジナル曲は次第に評判を呼び、小さなコンサートホールでの単独公演のオファーも来るようになっていた。\n\n「サキさんの音楽には、何か特別なものがある」と音楽プロデューサーの田村は言う。「まるで自然そのものが語りかけてくるような…」\n\nサキは田村に、ツルとの出会いについて話す。彼女の音楽の源泉がツルの舞にあることを。\n\n「次の公演では、新作を披露したいんです。今年見たツルからインスピレーションを得た曲です」\n\nサキは日々、作曲に没頭した。昼はカフェや教室で働き、夜は自宅でピアノに向かう。彼女の音楽は、ツルの優雅さと力強さを兼ね備え、聴く人の心に鮮明なイメージを描き出した。\n\nある日、彼女は地元の新聞で、自分の音楽が「自然と人間の共鳴」として評価されている記事を見つける。嬉しさと共に、プレッシャーも感じた。「私の音楽は、本当にツルの美しさを表現できているのだろうか」\n\n公演の日、小さなホールは満席となった。サキは深呼吸し、ピアノに向かう。指が鍵盤に触れた瞬間、彼女の心はあの湿地帯へと飛んでいった。観客は息を呑み、彼女の音楽に引き込まれていく。\n\n演奏後、大きな拍手が鳴り響いた。「彼女の音楽には、何か特別なものがある」—そんな言葉が観客の間で交わされていた。
Hh5r4Kj9Tb8v,3,1,春も終わりに近づく5月、サキは友人の誘いで地元の美術館を訪れていた。「若手芸術家特集展」という企画展で、様々なジャンルの作品が展示されていた。\n\n「こちらの絵、何か引き込まれるわ」\n\nサキが足を止めたのは、湿地帯の風景画だった。朝靄の中で舞うツルの姿が、幻想的な筆致で描かれている。題名は「春の訪問者」。\n\n「気に入っていただけましたか？」\n\n振り向くと、若い男性が立っていた。黒縁の眼鏡をかけ、穏やかな笑顔を浮かべている。\n\n「あなたが描いたの？」\n\n「はい、ハヤトと申します。画家志望です」\n\n二人は展示室を巡りながら会話を続けた。ハヤト（30歳）も、サキと同じくツルに魅了されていることがわかった。彼は毎年、日本各地のツルの生息地を訪れ、スケッチを重ねていた。\n\n「僕にとって、ツルは日本の美そのものなんです。その姿を描くことが、僕の使命だと感じています」\n\nサキは思わず自分の音楽について話した。ツルの舞からインスピレーションを得ていることを。\n\n「それは素晴らしい！」ハヤトの目が輝いた。「いつか、サキさんの演奏を聴かせてください」\n\n美術館を後にする頃には、二人は連絡先を交換していた。帰り道、サキの心には何か温かいものが広がっていた。異なる芸術を通じて、同じものに魅了される—その奇跡のような偶然に、彼女は心躍らせていた。
Hh5r4Kj9Tb8v,4,1,サキとハヤトは、それから頻繁に会うようになった。彼女の演奏会にハヤトが訪れ、彼のアトリエにサキが招かれる。二人の芸術は、互いに影響を与え合い始めていた。\n\n「サキさんの音楽を聴いていると、新しい色彩が見えてくるんです」とハヤトは言う。彼のアトリエには、サキの演奏会の後に描いたという絵が並んでいた。これまでの作品より色彩豊かで、躍動感あふれる画風に変わっていた。\n\n一方サキも、ハヤトの絵画から新たなインスピレーションを得ていた。彼の描く風景の中に、彼女は新しい旋律を見出していた。\n\nある日、ハヤトはサキをアトリエに招き、特別な絵を見せた。それはサキがピアノを弾く姿と、周りを舞うツルを描いたものだった。\n\n「これ、私？」\n\n「ええ。サキさんが音楽を奏でるとき、まるでツルと一体になっているように見えるんです」\n\nその言葉に、サキは胸が熱くなった。自分の音楽を、こんな風に感じてくれる人がいる—それは音楽家として、これ以上ない喜びだった。\n\nその夜、サキはハヤトのアトリエのピアノで即興演奏をした。彼の絵に触発された新しい旋律。ハヤトはイーゼルを立て、サキの演奏をスケッチし始めた。音と絵が交わる瞬間、二人は芸術という名の対話を交わしていた。\n\n帰り際、ハヤトはサキの手を取った。「一緒に新しいプロジェクトをしませんか？僕の絵とサキさんの音楽で、何か創れると思うんです」\n\nサキは笑顔で頷いた。二人の芸術が織りなす未来に、期待と希望を抱きながら。
Hh5r4Kj9Tb8v,5,1,夏が深まるにつれ、サキとハヤトの関係は恋愛へと発展していった。週末には二人で小旅行に出かけ、自然の中でスケッチをしたり、即興演奏を楽しんだりした。\n\nしかし、サキの中に微妙な葛藤が生まれ始めていた。ハヤトとの時間が増えるにつれ、作曲の時間が減っていたのだ。\n\n「このままでいいのかしら」\n\n以前は毎日触れていたピアノに、最近はあまり向かえなくなっていた。新作の依頼も増えているというのに、進捗は遅々として進まない。\n\n「サキ、大丈夫？何か悩んでる？」とハヤトは気づいた。\n\n「ううん、何でもない」サキは笑顔を作ったが、心は乱れていた。自分の音楽は、ツルとの孤独な対話から生まれてきたもの。恋に落ちた今、あの純粋なインスピレーションはもう得られないのではないか—そんな不安が彼女を苛んでいた。\n\n「来週のコンサート、新作を披露するんだよね？」\n\n「え、ええ…」\n\nサキは焦りを覚えた。コンサートまであと一週間。新作はまだ完成していない。\n\nその夜、サキは一人で湿地帯を訪れた。すでにツルたちは北へ旅立った後だったが、あの場所に立つことで、何か閃きを得られるかもしれないと思ったのだ。\n\nしかし、訪れたのは沈黙だけだった。心の中で鳴り響いていたのは、ツルの声ではなくハヤトの言葉。\n\n「私は音楽家として、このままでいいの？」\n\n帰宅後、サキは久しぶりにピアノに向かった。指は動くのに、心が追いつかない。ハヤトへの想いとツルへの憧れ、自分の音楽の行方—すべてが混沌として、一つの旋律にならなかった。
Hh5r4Kj9Tb8v,6,1,秋が深まる中、サキのコンサートは無事に終わったものの、新作は披露できなかった。以前の曲を演奏したサキに、観客は惜しみない拍手を送ったが、彼女自身は満足していなかった。\n\n「何か、違うんだ」\n\n創作の危機は深まるばかり。サキは焦りから、ハヤトとの時間も減らしていた。「曲が完成するまで、会うのを控えたい」と伝えたが、それは言い訳にすぎなかった。本当は、自分の中の混乱から逃げたかったのだ。\n\nハヤトもまた、サキの変化に戸惑っていた。「僕のせいで、サキさんの音楽が変わってしまったのだろうか」という自責の念に駆られていた。\n\n二人の間に、微妙な距離が生まれていった。電話の回数も減り、会っても以前のような弾んだ会話は少なくなった。\n\n年末、サキは重要なオーディションに挑んだ。有名音楽祭への出演権をかけたものだった。彼女は必死で新曲を書き上げたが、本番では思うような演奏ができなかった。\n\n「残念ですが、今回は見送らせていただきます」という通知を受け取ったサキは、深い挫折感に襲われた。\n\n年が明け、サキはハヤトからの電話に出なくなっていた。「今は誰とも会いたくない」—そう思い込んでいた彼女は、自分の殻に閉じこもっていった。\n\nハヤトは何度かサキのアパートを訪ねたが、彼女は会おうとしなかった。最後に彼が残したメモには、「サキさんの音楽を、僕は今でも愛しています」と書かれていた。\n\nその言葉に、サキは涙した。しかし、失われた旋律を取り戻す方法が、彼女にはわからなかった。
Hh5r4Kj9Tb8v,7,1,冬の厳しさが和らぎ、再び春の気配が感じられる3月。サキは久しぶりに湿地帯を訪れていた。ツルたちが戻ってくる季節。心の奥で、彼女は何かを求めていた。\n\n湿地帯に着くと、すでに数羽のツルが舞い降りていた。サキは遠くから見つめ、胸の内に去年とは違う感情が湧き上がるのを感じた。喪失感と、かすかな希望。\n\n「やっぱり来ていたんですね」\n\n振り向くと、そこにハヤトが立っていた。痩せたように見えるが、目は優しく輝いていた。\n\n「ハヤト…どうしてここに？」\n\n「僕も毎年来るんです。それに…サキさんに会いたかった」\n\nハヤトはスケッチブックを開いて見せた。そこには、サキの姿とツルが描かれていた。「ずっと描いていたんです。サキさんとツルの関係を理解したくて」\n\n二人は湿地の小道を歩きながら、数ヶ月の出来事を語り合った。サキは自分の葛藤について正直に話した。音楽への情熱と、ハヤトへの想いの間で揺れ動いた日々を。\n\n「僕はサキさんの音楽が好きです。だから、サキさんには自分の音楽を大切にしてほしい」とハヤトは言った。「僕たちの関係が、あなたの芸術の妨げになるならば…」\n\n「違うの」サキは言葉を遮った。「私が恐れていたのは、音楽が変わることじゃなくて、自分自身が変わることだったの。でも今わかったわ。変わることは、決して悪いことじゃない」\n\nその時、二羽のツルが舞い上がった。朝日に照らされた白い翼が、空で交差する。サキはその瞬間、心の中に新しい旋律が生まれるのを感じた。
Hh5r4Kj9Tb8v,8,1,サキとハヤトは、お互いの芸術を尊重しながら関係を再構築していった。彼らは「一緒にいる時間」と「創作の時間」のバランスを見つけ出していた。\n\nサキは再び作曲に没頭し、新しい音楽が生まれていった。それは以前のような純粋なツルのイメージだけでなく、ハヤトとの出会いや別れ、そして再会までの感情も織り込まれた、より深みのある音楽だった。\n\n「この曲は、私の中の二つの世界から生まれたの」とサキはハヤトに説明した。\n\nハヤトも、サキとの関係から新しい芸術的境地を見出していた。彼の絵は単なる風景画から、「音楽を視覚化する」試みへと発展していった。\n\n「僕たちは違う道を歩んでいるけど、同じ場所を見ているんだね」とハヤトは言った。\n\n二人は週に数回会い、残りの時間はそれぞれの創作に費やした。時にはサキのピアノに合わせてハヤトが絵を描き、時にはハヤトのアトリエでサキが新曲のインスピレーションを得た。\n\nある日、サキはハヤトに重要な話があると言った。\n\n「私、海外留学のオファーを受けたの。パリの音楽院で一年間学ぶ機会なの」\n\nハヤトの表情が曇ったが、すぐに笑顔に戻った。「おめでとう。行くべきだよ、それはサキさんの夢だったよね」\n\n「でも、あなたとは…」\n\n「大丈夫。僕たちの関係は、距離が離れても変わらないよ。それに、僕もサキさんの後を追ってヨーロッパで絵を学びたいと思っていたんだ」\n\nサキは安堵の笑みを浮かべた。二人はお互いの世界を尊重しながらも、共に歩む道を見つけようとしていた。
Hh5r4Kj9Tb8v,9,1,留学の準備が進む中、サキは出発前の最後のコンサートを開くことにした。「ツルと恋の旋律」と題された公演は、彼女の音楽的旅路を表現するものだった。\n\n同時期に、ハヤトも個展を開催していた。「音色の風景」という企画展で、サキの音楽からインスピレーションを得た作品が中心だった。\n\nサキのコンサート当日、ホールは満席となった。ハヤトも最前列に座っていた。深呼吸して、サキはピアノに向かった。\n\n最初の曲は、ツルとの出会いを表現した初期の作品。続いて、彼女の音楽的成長を示す曲が演奏された。そして最後に、新作「二つの世界の協奏曲」が披露された。\n\nその曲は、サキの中の二つの愛—音楽への愛とハヤトへの愛—が見事に調和した作品だった。会場は静寂に包まれ、最後の音が消えた後、割れんばかりの拍手が沸き起こった。\n\nコンサート後、ハヤトはサキを自分の展覧会に招いた。そこには、サキの音楽的旅路に合わせた絵画が並んでいた。最後の一枚は、サキとツルとハヤト自身が一つの風景の中に描かれた大作だった。\n\n「これが僕の見ている世界です」とハヤトは言った。「サキさんの音楽と、ツルの舞と、そして私たちの物語が一つになった風景」\n\nサキは言葉を失った。二人の芸術が、こんなにも美しく響き合うことに感動していた。\n\n「サキさん、パリでもずっと応援しています。そして、僕もすぐに追いかけます」\n\n二人は手を取り合い、未来への期待を胸に抱いた。それぞれの芸術を追求しながらも、心は常に共鳴し合うことを確信して。
Hh5r4Kj9Tb8v,10,1,一年後、桜の季節。パリから帰国したサキは、再び湿地帯を訪れていた。ツルたちは今年も変わらず舞い、サキの心を癒した。\n\n留学中、サキは多くの経験を積み、音楽的視野を広げた。ハヤトとは離れていても、二人の絆は深まるばかりだった。毎週のビデオ通話で、お互いの創作について語り合い、互いに刺激し合っていた。\n\nハヤトもまた、イタリアでの短期研修を終え、サキの帰国に合わせて戻ってきた。彼もまた、多くの芸術に触れ、技術を磨いていた。\n\n「お帰りなさい」湿地帯で再会した二人は、長い抱擁を交わした。\n\n「ただいま。あなたの絵、見せてくれる？」\n\n「もちろん。サキさんの新しい音楽も聴かせてくださいね」\n\n二人は湿地帯のベンチに座り、ツルの舞を眺めながら、これからの夢を語り合った。サキは音楽学校を開き、ハヤトは地元で芸術教室を始めたいと考えていた。\n\n「私たちの芸術で、子供たちにもツルの美しさを伝えていきたいの」とサキは言った。\n\n「そして、自然との共生の大切さも」とハヤトが付け加えた。\n\n夕暮れ時、二人は湿地帯を後にした。帰り道、ハヤトはサキに小さな箱を渡した。中には、ツルの形をした指輪があった。\n\n「僕と一緒に、永遠の旋律を奏でませんか？」\n\nサキは涙ぐみながら頷いた。二人の前には、芸術と愛に満ちた人生が広がっていた。\n\nその夜、サキは新しい曲を書き始めた。タイトルは「永遠の旋律」。それは、ツルの舞と二人の愛が永遠に続くことを願う、希望に満ちた音楽だった。\n\n窓の外で、満月が輝いていた。来年もまた、ツルたちは戻ってくる。そして、サキとハヤトの物語も、新しい季節を迎えるのだ。
dJ4fLnQ2ZcR3,1,1,東京の美術界で最も注目を集める画家、村上遥人（42歳）が突然姿を消したのは、冷たい雨の降る11月の夜だった。彼の妻・彩香が警察に通報したのは、彼が山小屋に向かうと言い残して3日が経過した後のことだ。「いつものことだから」と彩香は当初心配していなかった。村上はインスピレーションを求めて単身出かけることが多かったからだ。しかし今回は違った。彼は愛用の白いヤギ・シロを連れて行ったのだ。\n\n「夫は最近、奇妙な行動を取るようになりました」と彩香は私立探偵・高杉蓮のオフィスで語る。「絵を描くときシロと一緒にいることが増え、『シロだけが見ている』と何度もつぶやいていました」\n\n高杉（38歳）は元刑事で、芸術に関する捜査を得意としていた。彼は村上の自宅を訪れ、彼のアトリエを調査する許可を得る。\n\nアトリエは整然としていて、キャンバスや絵の具が整理されていた。しかし壁には奇妙な絵が並んでいる。現実離れした風景、歪んだ空間認識、そして全ての絵にヤギの姿が、時には明確に、時には影のように描かれていた。
dJ4fLnQ2ZcR3,1,2,高杉は村上の最近の行動を記したノートを見つける。「境界が見える。シロが教えてくれる」「山の小屋で最後の準備をする」「向こう側で新しい絵が描ける」\n\n彩香によれば、村上は6か月前から古い伝説や神話について調べ始め、特に「世界の境界」に関する資料を集めていたという。彼は山梨県の山間にある小屋を購入し、そこで何かの実験をしていたらしい。\n\n「彼は最近、『芸術は現実を超える』と言っていました」と彩香は泣きながら語る。「でも、単なる比喩ではないようでした。本当に別の世界に行こうとしていたみたいです」\n\n高杉は村上の失踪前日の監視カメラ映像を確認する。駅のプラットフォームに立つ村上と、リードをつけられた白いヤギ。村上は何かを期待するような表情で、最終列車に乗り込んでいった。\n\n「村上さんが何を探していたのか、私が見つけ出します」と高杉は約束するが、この事件が単なる失踪ではなく、現実の境界に関わる不思議な謎であることを、彼はまだ知らなかった。
dJ4fLnQ2ZcR3,2,1,高杉は村上遥人の人生と作品を詳しく調査するため、美術館を訪れる。村上は10年前から国内外で注目され、その独特の色彩感覚と構図で高い評価を得ていた。しかし、キュレーターの話によれば、ここ1年ほどで彼の作風に明らかな変化があったという。\n\n「村上の初期作品は写実的でした」と美術館学芸員の中野は説明する。「しかし徐々に抽象的になり、そして昨年からは…何というか、現実とは思えない風景を描き始めたのです」\n\n高杉は村上の作品を時系列で並べた特別展示室で、その変化を目の当たりにする。初期の風景画や静物画は確かに写実的で、光の表現が素晴らしかった。中期になると色彩が大胆になり、現実の風景に想像上の要素が加わるようになる。そして最近の作品は、まるで別世界の景色のようだった。\n\n「この変化は、彼がヤギを飼い始めた時期と一致しています」と高杉は気づく。\n\n村上の親友で美術評論家の岡崎を訪ねると、さらに興味深い情報が得られた。
dJ4fLnQ2ZcR3,2,2,「遥人は『境界の絵』について語っていました」と岡崎は言う。「古来、特殊な才能を持つ芸術家は、現実と別の世界の境界を捉えることができると。そして、その境界を絵に描くことで、実際に二つの世界を繋げることができるという伝説があるんです」\n\n岡崎によれば、村上はこの概念に取り憑かれ、ヤギのシロが「境界を見る目」を持っていると信じていたという。\n\n「彼はシロを連れて山に登り、特定の場所で絵を描いていました。『シロがいる場所には、世界が薄くなる』と言っていましたよ」\n\n高杉はさらに、村上が最近購入した本や訪れた場所のリストを調べる。民俗学、量子物理学、次元理論に関する専門書が多く、また日本各地の「神隠し」が起きたとされる場所を訪れていた形跡がある。\n\n村上のアトリエに戻った高杉は、隠されたスケッチブックを発見する。そこには不思議な記号や、同じ風景を異なる角度から描いた絵が並んでいた。どの絵にも白いヤギが描かれ、そのヤギは常に何かを見つめているようだった。\n\n「彼は本当に別の世界への入り口を探していたのかもしれない」と高杉は思い、山小屋の場所を突き止めることを決意する。
dJ4fLnQ2ZcR3,3,1,高杉は村上の山小屋を目指し、山梨県の山間部へと向かう。最寄りの駅から先は徒歩しかない。地図と村上の残したメモを頼りに、杉林の中の細い山道を進む。\n\n「ここから先は、目印を探せ」と村上のメモには書かれていた。\n\n高杉は注意深く周囲を観察する。やがて、一本の古い木の幹に小さな絵が描かれているのを発見。それは青い矢印と、小さなヤギのシルエットだった。さらに進むと、苔むした石にも同様の絵があり、それは明らかに道標として機能していた。\n\n「まるで宝探しゲームのようだ」と高杉は思う。しかしこの「ゲーム」は単なる道案内ではなかった。各目印の絵には微妙な違いがあり、進むにつれてヤギのシルエットが大きくなり、背景の風景が少しずつ現実離れしていくのだ。\n\n3時間ほど歩いた頃、高杉は小さな渓流沿いの開けた場所に立つ山小屋を見つける。質素だが手入れの行き届いた小屋だ。ドアは施錠されておらず、中に入ると、そこには村上の存在を示す痕跡が多く残されていた。
dJ4fLnQ2ZcR3,3,2,スケッチブック、絵の具、キャンバス。壁には下書きのような絵が無数に貼られている。しかし、村上本人もヤギも見当たらない。ただ、暖炉の上には一枚の大きな油彩画が掛けられていた。それは驚くほど精密に描かれた山の風景で、小屋の窓から見える実際の風景と酷似している。しかし現実の風景には存在しない、不思議な光の筋が絵の中には描き込まれていた。\n\n高杉は小屋の周辺を調査する。裏手には簡素な小屋があり、そこにはヤギのための寝床やエサが置かれていた。しかし、村上とヤギが最後にこの場所にいたのは少なくとも3日前のようだ。\n\n小屋の中に戻り、高杉は村上の残した物をより詳しく調べる。食料は十分にあり、計画的な失踪を示唆している。ノートには「準備は整った。次の満月の夜、シロと共に越境する」と書かれていた。\n\n「越境？どこへ？」高杉は首をかしげる。その時、彼は壁に掛けられた絵に再び目を向けた。注意深く見ると、絵の中の風景に小さな白いヤギと、男性のシルエットが描かれているのに気づく。\n\n「まさか…」高杉は絵と窓の外の実際の風景を見比べる。そこに浮かんだ仮説は、あまりにも非現実的だった。
dJ4fLnQ2ZcR3,4,1,高杉は小屋で見つけた大きな絵画を詳しく調査するため、特殊なライトやレンズを使って絵の表面を調べる。一見すると美しい山の風景画だが、光の角度を変えると別の要素が浮かび上がる。絵の中に隠された白いヤギの姿、そして山道を歩む人物のシルエット。\n\nさらに、絵の四隅には肉眼では分かりにくい記号が描かれていた。それらは古代の文字のようでもあり、幾何学的な図形のようでもある。高杉はスマートフォンで写真を撮り、拡大して確認する。\n\n村上のスケッチブックを調べると、同様の記号が繰り返し描かれている。一冊のノートには、これらの記号と天体の配置を関連付ける図表があった。「特定の時間に、特定の場所で、特定の天体配置が起こる時—境界は薄くなる」と書かれている。
dJ4fLnQ2ZcR3,4,2,高杉は村上彩香に電話する。「お宅に戻る必要があります。村上さんの研究資料をもっと調べたいのですが」\n\n彩香の協力を得て、高杉は村上の書斎に入る。そこには民俗学や神話に関する書籍、特に「異界」や「神隠し」に関する資料が集められていた。一冊の古い本には、「白いヤギは世界の境界を見ることができる」という記述があり、傍線が引かれていた。\n\n「夫は昨年、山梨の山村で行われた古い祭りに参加したんです」と彩香は語る。「その後、突然ヤギを飼い始めました。『特別な目を持つヤギが必要だ』と言って」\n\n高杉は村上のコンピュータを調べる。そこには「境界点」と名付けられたフォルダがあり、日本各地の特定の場所の写真と座標が保存されていた。そのほとんどは人里離れた山間部で、古くから伝説や怪異が語られてきた場所だった。
dJ4fLnQ2ZcR3,4,3,さらに、村上が利用していた図書館で、彼が閲覧していた文献のリストを入手する。それらは主に量子物理学や多次元理論、平行世界に関する論文だった。村上はアートの世界を越えて、科学的アプローチも模索していたのだ。\n\n小屋に戻った高杉は、絵の中の隠された要素をさらに調査する。特殊なフィルターを通して見ると、絵の中の風景に重なるように別の風景が描かれているのが分かる。それは同じ場所でありながら、何かが決定的に違う世界のようだった。\n\n「彼は二つの世界を一つのキャンバスに描いたのか」と高杉は考える。そして、絵の中の記号と村上のノートを照らし合わせると、次の満月の夜に特定の天体配置が起こることが分かった。その時、この場所で何かが起きるというのだ。\n\n高杉は、村上が芸術と科学の境界を超えた何かを追求していたことを確信する。そして、彼がヤギと共に消えた真相に迫るためには、この絵に描かれた秘密を完全に解読する必要があると悟る。
dJ4fLnQ2ZcR3,5,1,高杉は村上の研究をさらに掘り下げるため、山梨県の山村を訪れる。村上が参加したという祭りの情報を求めて、地元の古老を訪ねたのだ。\n\n鈴木翁（87歳）は、高杉を暖かく迎え入れる。「村上さんですか。ああ、あの画家さんね。熱心に話を聞いていきましたよ」\n\n高杉は村上について質問する。鈴木翁によれば、村上は去年の秋、「境の祭り」と呼ばれる古い儀式を見学に来たという。この祭りは300年以上続く伝統で、「この世とあの世の境が薄くなる」とされる日に行われるものだった。\n\n「昔は、白いヤギを先導にして山を登ったものです」と鈴木翁は懐かしそうに語る。「ヤギは二つの世界を見ることができる生き物だと言われていました。だから道案内を任せたんです」\n\n高杉はその話に強い関心を示す。村上がヤギを飼い始めたのは、この祭りの後だった。\n\n「境の祭り」についてさらに調査するため、高杉は地元の民俗学者・西村教授を訪ねる。西村（62歳）は、この地域の伝説を研究している専門家だった。\n\n「この山には『鏡の池』と呼ばれる場所があります」と西村は古い地図を広げながら説明する。「伝説では、満月の夜に特定の条件が揃うと、池の水面に映るのは私たちの世界の反射ではなく、別の世界の風景だと言われています」\n\n西村によれば、村上はこの「鏡の池」に強い関心を示し、何度も訪れていたという。また、彼は古文書から「境界の絵」に関する伝説も調査していた。
dJ4fLnQ2ZcR3,5,2,「日本だけでなく、世界各地に似た伝説があります。特別な才能を持つ芸術家が、二つの世界の境界を絵に描くことで、実際に扉を開けることができるというものです」\n\n高杉は村上の小屋に残されていた絵を思い出す。あの絵は単なる芸術作品ではなく、異世界への扉を開くための「鍵」だったのかもしれない。\n\n西村はさらに興味深い情報を提供する。「この伝説には続きがあります。境界を越えた者は、望めば元の世界に戻ることができる。しかし、その場合は『導き手』を必要とするのです」\n\n「導き手？」\n\n「はい。こちら側に残された、越境者と強い絆で結ばれた存在です。村上さんの場合、それは奥さんかもしれませんね」\n\n高杉は、村上が本当に別の世界へ行こうとしていたのか、それとも単に芸術的表現として伝説を利用していたのか、判断に迷う。しかし、彼の行動と集めた情報のパターンは、単なる芸術的探求を超えていることを示唆していた。\n\n高杉は「鏡の池」の場所を特定し、次の満月の夜にそこを訪れることを決意する。もし村上の仮説が正しければ、その時に何かが起こるはずだ。
dJ4fLnQ2ZcR3,6,1,高杉は小屋に戻り、村上とヤギの痕跡を追跡することにした。小屋の周辺を詳しく調査すると、裏手の林に続く小道にヤギの足跡を発見する。足跡は雨で薄れかかっていたが、まだ辿ることができた。\n\n高杉は足跡を追い、鬱蒼とした林の中を進む。道はどんどん不明瞭になり、やがて人の手が入っていない原生林へと変わっていく。2時間ほど歩いた頃、足跡は小さな渓流に沿って上流へと続いていた。\n\n「村上さんはこんな場所まで来ていたのか」と高杉は思う。渓流沿いの道は険しく、ヤギと一緒に歩くのは容易ではないはずだ。それでも、村上は何かを求めてここまで来ていた。\n\nやがて足跡は、木々に囲まれた小さな開けた場所へと導く。そこには苔むした岩が多数あり、中央に小さな池があった。「これが『鏡の池』か？」と高杉は考える。しかし、西村教授が示した地図の場所とは少し異なっていた。
dJ4fLnQ2ZcR3,6,2,池の近くの岩を調べると、村上が残したと思われる絵の具の痕跡が見つかる。彼はここで絵を描いていたのだ。さらに調査を続けると、高杉は池の向こう側に小さな洞窟の入り口を発見する。\n\n洞窟に入ると、そこはすぐに広がり、立って歩けるほどの空間になっていた。懐中電灯で照らすと、洞窟の壁には鮮やかな絵が描かれているのが見える。それは間違いなく村上のスタイルだった。\n\n壁画は洞窟全体を覆い、池を中心とした風景が描かれている。しかし現実の風景とは異なり、空には複数の月が浮かび、木々は青や紫に輝いている。そして、白いヤギと人間の姿が、池に映る別の世界へと足を踏み入れる様子が描かれていた。
dJ4fLnQ2ZcR3,6,3,高杉は壁画の細部を写真に収める。洞窟の奥には村上が使ったと思われる絵の具の容器や筆が残されており、また白いヤギの毛も見つかった。最近使われた形跡がある簡易ベッドもあり、村上がここで何日か過ごしていたことが窺える。\n\n洞窟の最も奥の壁には、他の絵とは異なる一枚の絵が描かれていた。それは小屋に掛けられていた絵と同じ構図だったが、こちらはより抽象的で、色彩も現実離れしていた。絵の中央には渦巻くような形があり、その周りに奇妙な記号が描かれている。\n\n「これは何かの指示なのか、それとも…」高杉の思考は途切れる。壁の絵の前に立っていると、不思議な感覚に包まれたからだ。まるで絵が動き、呼吸しているかのように見える。直射日光が差し込まない洞窟内なのに、絵の部分だけが微かに光を放っているようだった。\n\n高杉は思わず手を伸ばし、絵に触れる。冷たい岩肌の感触があるだけだったが、何か異質なものを感じた瞬間だった。
dJ4fLnQ2ZcR3,7,1,高杉は村上のアトリエに戻り、彼の研究をより深く理解しようと努める。彩香の協力を得て、村上の隠しファイルや非公開の作品を調査する。\n\n「夫は半年前から、特殊な絵の具を自分で作っていました」と彩香は言う。「鉱物や植物から抽出した顔料で、『これなら向こう側でも色が失われない』と言っていました」\n\n高杉は村上の特殊な絵の具のサンプルを分析に出す。結果は驚くべきものだった。それらは通常の絵の具に存在しない物質を含んでおり、特定の光の下で蛍光を発する性質があった。\n\n村上の研究ノートには「境界の絵」についての詳細な考察があった。それによれば、芸術は単なる表現媒体ではなく、現実を変容させる力を持つという。特に、深い「観察」と「想像」が融合した時、芸術家は現実の「隙間」を見ることができるという。
dJ4fLnQ2ZcR3,7,2,「芸術家の視点は、量子力学における観測者の役割に似ている」と村上は書いていた。「観察することで現実を固定するのではなく、新たな可能性を開く」\n\n高杉は村上の理論を理解するため、量子物理学者の佐藤教授を訪ねる。佐藤は村上の考えに科学的視点からコメントする。\n\n「多世界解釈によれば、あらゆる可能性の分岐点で宇宙は分かれていきます。村上さんの言う『境界』とは、そうした可能性の間の薄い壁のようなものかもしれません」\n\n佐藤によれば、理論上は異なる現実間の移動も不可能ではないという。「しかし、それには莫大なエネルギーが必要です。ただ、意識だけなら…もしかすると別の法則があるかもしれません」\n\n高杉は村上の「境界の絵」の概念をさらに調査するため、美術史家の協力も得る。古来より、特定の絵画には「魔術的」性質があるとされてきたという歴史的記録がある。特に、洞窟壁画や宗教的な図像は、世界を変える「門」として機能すると考えられていた。
dJ4fLnQ2ZcR3,7,3,村上の小屋に見つかった絵の記号を解読するため、高杉は古代文字の専門家・山田教授に協力を依頼する。山田は記号がいくつかの古代文字と天文学的図形を組み合わせたものだと分析する。\n\n「これらの記号は天体の配置を示しています」と山田は言う。「特に、月と特定の星座の位置関係が重要なようです」\n\n高杉はこれらの情報を基に、天文台で次の満月の夜の天体配置をシミュレーションしてもらう。すると、村上が「越境」を計画していた日に、実際に珍しい天体配置が起こることが判明する。\n\n「これは100年に一度の配置です」と天文学者は言う。「満月と特定の惑星が一直線に並ぶんです」\n\n高杉は、村上が実際に異世界への移動を試みたのか、それとも深い芸術的表現として「境界」の概念を追求していただけなのか、いまだに確信が持てない。しかし、これまでの証拠は、彼が単なる芸術の枠を超えた何かを実践していたことを示唆していた。
dJ4fLnQ2ZcR3,8,1,高杉は村上の妻、そして彼の研究を理解していた数少ない友人たちと共に、指定された場所へと足を運んだ。そこは村上がかつて描いた風景と驚くほど一致していた。波打つ草原、朽ちかけた木の門、遠くに広がる静かな湖——すべてが彼の絵と重なり合っていた。風の流れさえ、彼が描いた筆致そのもののように感じられた。\n\n「ここが……村上の見ていた世界なのか……」\n\n誰ともなく呟く声に、高杉は無言で頷いた。彼はこれまで数多くの不可解な事件を経験してきたが、今、自分たちが目にしている光景は、論理や常識では説明できるものではなかった。これは偶然なのか、それとも必然なのか。\n\n時刻は夕暮れ。太陽が地平線に沈みかけた頃、空には星がひとつ、またひとつと浮かび始めた。その瞬間、空気が一変した。まるで世界そのものが息をひそめるように、風が止まり、周囲の音が消えていく。木々の葉のざわめきさえも、まるで誰かに遮られたかのようだった。\n\n「何かが起こる……」\n\n高杉は直感的にそう感じた。そして、その直感は的中した。\n\n突然、空の色が変わり始めた。濃い紫と青が交錯し、空間が歪むような錯覚を覚える。地面に伸びた影が不自然な角度で揺れ、まるで何かがこちら側の世界へと近づいてくるかのようだった。そして、空間にわずかな亀裂が走ったかのような微細な振動が、彼らの足元に伝わった。\n\n光と影が絡み合い、やがて彼らの目の前に、不思議な光景が浮かび上がる。それは、村上の描いた「もうひとつの世界」の風景だった。そして、その中に——確かに村上の姿があった。彼は穏やかな表情でこちらを見つめ、隣には一匹のヤギが寄り添っていた。\n\n「村上さん……？」\n\n誰かが声を震わせながら呼びかける。しかし、村上は何も言わなかった。ただ静かに微笑み、手を軽く振った。その仕草には、懐かしさと、どこか安心感のようなものが滲んでいた。\n\n「戻ってこい……！」\n\n高杉は思わず叫んだ。駆け寄ろうとしたが、身体が動かない。いや、それだけではない。空間そのものが違う法則に支配されているように感じられた。まるで自分が異なる時間の流れに取り残されたかのような感覚だった。
dJ4fLnQ2ZcR3,8,2,村上の口元がわずかに動いた。しかし、彼の声は聞こえない。ただ、その表情だけが彼の意志を伝えていた。\n\n「僕はここで生きる。もう迷いはない。」\n\nそう語っているように見えた。\n\nそして——それは一瞬の出来事だった。\n\n光が弾けるように広がり、世界が再び揺れ動く。高杉が瞬きをした次の瞬間には、すべてが消えていた。村上も、ヤギも、あの異世界の風景も——何もかもが。\n\n静寂が戻る。あたりには、いつもの風景が広がっていた。ただ、彼らの記憶の中に、確かにその出来事は刻まれていた。\n\n「今のは……？」\n\n村上の妻が小さく呟く。その目には涙が滲んでいたが、どこか安堵のようなものも感じられた。\n\n高杉はゆっくりと深呼吸をし、村上がいた場所を見つめながら、確信した。\n\n——村上は、自らの意志で「向こう側」へ行ったのだ。\n\n彼が生涯追い求めていた「もうひとつの世界」。それは、ただの空想ではなく、確かに存在していた。そして、彼はその世界で、新たな人生を歩み始めたのだ。\n\n「行ったんだな……」\n\n高杉は静かに呟いた。\n\n村上の描いた風景は、ただの絵ではなかった。それは「扉」だったのだ。彼は自らの芸術を通じて、新たな世界を創り、そしてそこに足を踏み入れた。\n\nまるで、それこそが彼の人生の目的であったかのように。\n\n高杉は、ふとポケットから村上が最後に残したスケッチを取り出し、それをそっと見つめた。そこには、あの世界とよく似た風景が描かれていた。\n\n「村上、お前は……満足しているのか？」\n\n問いかけるように呟く。しかし、答えはない。ただ、遠くで鳥の鳴き声が響いた。\n\nそれはまるで、村上が「大丈夫だ」と言っているかのようだった。
dJ4fLnQ2ZcR3,9,1,高杉は、村上がこの世から姿を消して以来、彼が残した日記や手紙を何度も読み返していた。そこには、彼の思考の軌跡が克明に記されていた。それは単なる記録ではなく、彼が何を求め、何を追い続けていたのかを示す証拠だった。\n\n村上にとって、芸術とは単なる表現ではなく、世界を変える力そのものだった。彼は絵を描くことで、現実と幻想の境界を曖昧にし、新たな世界を生み出そうとしていた。最初は単なる仮説に過ぎなかったが、彼の探求は次第に確信へと変わっていった。日記には、次のような言葉が記されていた。\n\n「絵はただの絵ではない。それは扉だ。僕が描くことで、世界と世界の境界は溶け合い、新たな空間が生まれる。もしこの理論が正しければ、僕はもうすぐ、あの世界へ行ける。」\n\nその言葉を目にした瞬間、高杉は村上が意図的に異世界へ渡ったのだと確信した。彼は単なる偶然に飲み込まれたのではない。長年の研究と信念によって、自らその扉を開いたのだった。\n\n「芸術が新たな世界を生む」\n\nそれが村上の信念だった。\n\n高杉は村上の妻にこの事実を伝えた。彼女は最初こそ動揺したが、次第に静かに受け入れていった。\n\n「彼は……自分の求める世界に行ったのですね。」\n\n彼女の目には涙が浮かんでいたが、それは悲しみだけではなく、どこか誇りを感じさせるものだった。夫が最後まで自らの信念を貫き通し、自分の求める世界へ旅立ったことを、彼女は理解したのだ。
dJ4fLnQ2ZcR3,9,2,「彼は後悔していないと思いますか？」\n\n静かに問う彼女に、高杉は深く頷いた。\n\n「ええ、きっと彼は満ち足りていたはずです。あの時の表情を見れば、わかります。」\n\nそう答えながらも、高杉の胸には、言いようのない喪失感が広がっていた。親友を失ったという実感は拭えなかった。しかし、村上が選んだ道が彼にとって最良のものだったとすれば、それを尊重するしかないとも思った。\n\nやがて、村上の最後の展覧会が開催された。\n\n「境界の絵」シリーズ——それは、村上が生涯をかけて追い求めた「もうひとつの世界」の記録だった。\n\n展示された作品の数々は、どれも幻想的な風景を描いたものだった。深い森、青く輝く湖、宙に浮かぶ大地、そして光の柱に包まれた神秘的な都市。そこには、この世界ではありえない光景が広がっていた。\n\n観客の中には、目を見開き、言葉を失う者もいれば、涙を流す者もいた。芸術界の批評家たちでさえも、その作品が持つ力に圧倒され、ただただ沈黙するしかなかった。\n\n「これは……どこかの風景なのか？」\n\n誰かが呟く。\n\n「いや、これは彼が見た世界だ。」\n\n高杉は心の中でそう答えていた。
dJ4fLnQ2ZcR3,9,3,それぞれの絵には、不思議なことに、村上自身の姿が紛れ込んでいた。森を歩く彼の後ろ姿、湖のほとりでヤギと寄り添う姿、光の都市を見上げるシルエット——どの作品にも、村上は確かにそこに存在していた。\n\n展覧会の最終日、ひとりの評論家が言った。\n\n「この絵は……まるで、別の世界とつながっているようだ。」\n\nその言葉に、高杉は静かに微笑んだ。\n\n「その通りだ。村上は新しい世界を創り、そしてそこに旅立ったんだ。」\n\n村上の絵は、単なる芸術ではなかった。それは、彼が自らの意志で開いた扉であり、二つの世界をつなぐ架け橋だった。彼の選択は、彼にとって最も正しいものだったのだ。\n\n高杉は最後に、村上の妻の元へ向かった。彼女は静かに展示会を眺めていた。\n\n「これが、彼の最後のメッセージですね。」\n\n彼女の言葉に、高杉は深く頷いた。\n\n「ええ。そして、彼の魂はこの絵の中に生き続けています。」\n\n展覧会が終わると、村上の作品は多くの美術館に収蔵されることが決まった。そのどれもが、異世界の風景を描いたものだった。そして、それらの絵を見た人々は皆、同じ感覚を抱いた。\n\n「この絵の向こうには、何かがある。」\n\nまるで、村上がいまだに向こう側の世界で彼らを見守っているかのように。
dJ4fLnQ2ZcR3,10,1,村上が姿を消してから数ヶ月が経った。\n\n彼の最後の展覧会は大成功を収め、芸術界には今なお彼の作品について語る者が絶えない。彼の「境界の絵」シリーズは、単なる幻想的な風景画ではなく、「現実と幻想の間にある何か」を描き出したものとして、伝説となりつつあった。だが、村上の妻にとっては、どれほどの称賛も、どれほどの評価も、夫が帰ってこないという事実を変えるものではなかった。\n\nそんなある日、一通の小包が彼女の元に届いた。送り主の名前はなかった。しかし、封を開けた瞬間、彼女の胸は高鳴った。\n\n中には、一枚の絵が入っていた。それは、まぎれもなく村上の筆致によるものだった。\n\n描かれていたのは、広大な草原にそびえる一本の大樹。その木の下には、ヤギと寄り添う村上の姿があった。彼は微笑みながら、どこか遠くを見つめている。まるで、その世界で新しい人生を楽しんでいるかのように。\n\n絵の隅には、小さな文字が添えられていた。\n\n「僕はここにいる。心配しないでくれ。」\n\n妻はその言葉を指でなぞりながら、そっと目を閉じた。彼がどこにいるのかは分からない。彼の肉体が今も生きているのか、それとも魂だけが存在しているのかも分からない。だが、確かなことがひとつだけあった。\n\n村上は、自分の求めた世界を見つけたのだ。
dJ4fLnQ2ZcR3,10,2,絵の中の彼は、満ち足りた表情をしていた。それだけで十分だった。彼女は深く息を吸い、静かに微笑んだ。\n\n「あなたらしいわね。」\n\n彼女はその絵を額縁に入れ、夫のアトリエに飾った。今も、村上がそこにいるような気がした。\n\n一方、高杉もまた、その絵の話を聞いて驚いていた。誰が送ったのか分からない絵。しかし、それは間違いなく村上の筆跡だった。\n\n「……あり得るのか？」\n\n村上は本当に異世界で生き続けているのか。それとも、彼の意識だけが絵を通じてこの世界に残り、メッセージを送っているのか。\n\n答えは分からない。だが、高杉は思った。\n\nもし村上の理論が正しいのなら、彼の描いた世界はただの幻想ではなく、実在するのかもしれない。そして、その世界に行く方法が、本当に存在するのかもしれない。\n\nそう考えた瞬間、彼の中に奇妙な感覚が生まれた。\n\n村上が遺した絵——それは単なる遺作ではなく、彼の存在そのものなのではないか。\n\n「……絵が、扉になる。」\n\n村上はそれを証明してみせたのだ。\n\n高杉は、村上の最後の絵をもう一度見つめた。草原の村上が、こちらに微笑んでいるように思えた。\n\n「お前は、まだそこにいるのか？」\n\nだが、答えは返ってこない。\n\n高杉はゆっくりと目を閉じた。\n\n村上の創造した世界は、確かにそこにある。彼の絵が、その世界とこの世界をつなぐ窓であるのなら——いつか誰かが、その窓を開けるかもしれない。\n\n村上の作品は、人々の記憶の中に残り続けるだろう。彼が求めた芸術の本質も、いつか誰かが理解する日が来るかもしれない。\n\nそして——もしかすると、彼と再び会える日が来るのかもしれない。\n\n静かに吹き抜ける風の中で、高杉はそんなことを考えながら、目の前の絵をじっと見つめ続けていた。
bU4W2hM7x9D5,1,1,科学研究施設「プライメイト・ラボ」の一角で、マンドリルのアルファは目を覚ました。彼の周りには同じように知能を高められた仲間たちがいた。ベータ、ガンマ、デルタ、そしてリーダー格のオメガ。彼らは人間の言語を理解し、コミュニケーションを取れるように遺伝子改良されていた。\n\n「我々は何のために生まれたのか」とアルファはしばしば考えていた。研究所の窓から見える夜空の星々が彼を魅了していた。\n\nその日、施設に緊急事態が発生した。地球外知的生命体からの通信が捉えられたのだ。「地球の危機が迫っている。我々の力を貸してほしい」というメッセージだった。\n\nプロジェクトリーダーのカーン博士は、マンドリルたちを集めて説明した。「諸君たちは、このプロジェクトで特別な目的のために育てられてきた。地球外生命体との交流には、人間よりも適応力の高い知的生命体が必要だ。マンドリルは地球上で最も人間に近い霊長類でありながら、過酷な環境にも耐えられる強靭な身体を持っている」\n\nアルファは不安と興奮が入り混じる感情を抱えながら、仲間たちと顔を見合わせた。彼らはこれまで訓練を重ねてきたが、まさか宇宙に行くとは思っていなかった。\n\n「宇宙船『プライメイト・ワン』の準備は整っている。1週間後に発射だ」\n\nその夜、アルファは施設の屋上で星を見上げていた。オメガが近づいてきて言った。「怖いか？」\n「ああ、でも行きたい」とアルファは答えた。\n「私たちは新しい世界を見るんだ。誰も見たことのない景色を」\n「でも、本当に私たちに何ができるんだろう」\n「それは行ってみないとわからない。だが、私たちは人間にはできないことができる。だからこそ選ばれたんだ」\n\nアルファは星空を見つめながら、未知の宇宙への旅を想像した。これから始まる冒険が、彼らと地球の運命を大きく変えることになるとは、まだ知る由もなかった。
bU4W2hM7x9D5,2,1,発射の日が来た。マンドリル5匹は特別に設計された宇宙服を身につけ、「プライメイト・ワン」に乗り込んだ。船内のコックピットは彼らの体格に合わせて作られていた。\n\n「全システム稼働中。打ち上げ準備完了」とコンピューターの声が響く。\n\nアルファは緊張で体が震えていた。隣でベータが笑顔を向けてきた。ベータは常に明るく、チームのムードメーカーだった。対照的に、船の操縦を担当するガンマは無表情で計器を確認していた。デルタは医療担当で、全員の生体反応をモニターしている。そしてオメガはミッションコマンダーとして、最終確認を行っていた。\n\n「T-マイナス10、9、8...」カウントダウンが始まり、エンジンが轟音を上げる。\n「3、2、1、リフトオフ！」\n\n猛烈な加速と共に、「プライメイト・ワン」は地球の重力から解放された。アルファは窓から徐々に小さくなる地球を見つめた。青い惑星が宝石のように輝いている。\n\n「美しい...」と思わず呟いた。\n\n軌道に乗ると、彼らは目的地について詳しい説明を受けた。AI搭載のナビゲーターシステム「アリア」からだ。\n\n「目的地は惑星ノヴァ・テラ。地球から約4.2光年離れたプロキシマ・ケンタウリ星系内にある。ワームホールを利用して約3ヶ月の旅程です」
bU4W2hM7x9D5,2,2,「ワームホール？」とアルファが尋ねると、アリアは続けた。\n「5年前に発見された空間の裂け目です。これにより、従来の何千年もの旅が数ヶ月に短縮されました」\n\n宇宙船は予定通りワームホールに向かって航行を続けた。漆黒の宇宙の中、星々が光の筋となって流れていく。アルファたちは交代で船の操縦を担当し、残りの時間は訓練や研究に充てた。\n\nしかし出発から2週間後、突然の警報音が鳴り響いた。\n「警告：未確認物体接近中」\n\nモニターには高速で接近してくる物体が映し出される。\n「小惑星だ！」ガンマが叫んだ。\n「回避行動を！」オメガが命令する。\n\nガンマが必死に操縦桿を操作するが、小惑星はすでに至近距離にあった。衝突の衝撃で船内の照明が一瞬消え、緊急システムに切り替わる。\n\n「ダメージレポート！」オメガが要求した。\n「エンジン2に損傷。自動修復システム作動中」とアリアが応答する。\n\nアルファは窓から外を見た。漆黒の宇宙には無数の岩石が漂っていた。小惑星帯に迷い込んだようだ。\n\n「これは予定されたルートではない」デルタが分析結果を告げる。「ワームホールへの航路から外れています」\n\n「どうやら我々の旅は、予想以上に険しくなりそうだ」オメガが静かに言った。
bU4W2hM7x9D5,3,1,小惑星帯からの脱出に成功した「プライメイト・ワン」は、予定より遅れてワームホールに到達した。船内から見るワームホールは、空間が渦巻く不思議な光景だった。\n\n「ワームホール通過準備完了」ガンマが報告する。\n「全員、安全ベルトを確認せよ」オメガが命じた。\n\n船はワームホールに吸い込まれ、一瞬にして宇宙の別の場所へと飛ばされた。目の前に広がるのは、これまで見たこともない星系だった。中心には赤みがかった恒星が輝き、その周りを複数の惑星が回っている。\n\n「プロキシマ・ケンタウリ星系に到着しました」アリアが告げる。「ノヴァ・テラまであと12時間です」\n\n惑星に近づくにつれ、その姿がはっきりと見えてきた。ノヴァ・テラは地球に似た青い惑星だが、大陸の形状は全く異なっていた。\n\n軌道に乗った宇宙船から、アルファたちは惑星の表面データを収集した。\n「大気は呼吸可能。温度は地球より若干低め。重力は地球の0.9倍」デルタが分析結果を報告する。\n\n「着陸準備を始めよう」オメガの命令で、全員が着陸モジュールに移動した。\n\n着陸地点は、広大な平原のような場所だった。モジュールのハッチが開くと、新鮮な空気が流れ込んできた。アルファが最初に一歩を踏み出した。\n\n「マンドリル、新世界に立つ」と彼は言った。
bU4W2hM7x9D5,3,2,ノヴァ・テラの空は薄紫色を帯び、遠くには奇妙な形の山脈が見える。周囲には地球のものとは明らかに異なる植物が生えていた。青緑色の葉を持つ植物や、発光する花など、様々な種類があった。\n\nベータが興奮した様子で周囲を歩き回り、サンプルを収集し始めた。「これらの植物は地球のものとは全く異なる進化を遂げているようだ！」\n\n探査を続けていると、低い茂みから何かが動く音がした。全員が警戒する中、そこから姿を現したのは、体長1メートルほどの生物だった。胴体は細長く、6本の足を持ち、頭部には光を感知する器官らしきものがあった。\n\n「動くな」オメガが小声で言った。\n\nその生物はしばらくマンドリルたちを観察していたが、突然高い音を発すると、仲間を呼ぶように鳴き始めた。すると周囲の茂みから次々と同じ生物が現れ、彼らを取り囲み始めた。\n\n「敵意はなさそうだ」デルタが言った。「むしろ好奇心が強いように見える」\n\nアルファは恐る恐る手を差し伸べてみた。先頭にいた生物はしばらく躊躇ったが、やがてその手に近づき、触れてきた。その感触は柔らかく温かかった。\n\n「彼らは知性を持っているようだ」アルファは驚きを隠せなかった。\n\n突然、遠くから不気味な鳴き声が響いてきた。それを聞いた生物たちは一斉に震え、逃げるように茂みの中へ消えていった。\n\n「あれは何だ？」ベータが不安そうに尋ねた。\n\n「わからないが、友好的ではなさそうだな」ガンマが答える。「基地キャンプを設営し、防衛体制を整えよう」\n\nアルファは生物たちが消えた方向を見つめながら考えた。この惑星には彼らの想像を超える生命体が存在するのかもしれない。そして、彼らがこの惑星に呼ばれた本当の理由もまた、まだ謎に包まれていた。
bU4W2hM7x9D5,4,1,基地キャンプを設営してから3日が経った。マンドリルたちは周辺の調査を続け、ノヴァ・テラの環境に関するデータを収集していた。この惑星には多様な生命体が存在することが分かったが、高度な文明の痕跡は見つかっていなかった。\n\n朝の探査で、アルファとベータは平原の向こうに奇妙な構造物を発見した。遠目には自然の岩山のように見えたが、近づくと明らかに人工的な建造物だった。\n\n「これは神殿か何かの建物だ」アルファは言った。\n\nその構造物は高さ約30メートル、直径100メートルほどの円形で、表面には奇妙な模様や記号が刻まれていた。入り口らしき開口部があり、内部は暗闇に包まれていた。\n\nアルファたちは基地に戻り、発見を報告した。全員でその神殿へ向かうことになった。\n\n「注意深く行動しよう。未知の危険があるかもしれない」オメガは警告した。\n\n神殿の入り口に立つと、内部から冷たい風が吹き出してきた。彼らはヘッドライトを点灯し、慎重に中へ進んだ。内部は予想以上に広く、天井は高く、壁には精巧な彫刻が施されていた。\n\n「これらの彫刻、何かの物語を表しているようだ」デルタが言った。\n\n壁に描かれていたのは、地球に似た惑星から来た生命体と、ノヴァ・テラの生物が交流する様子だった。そして中央部分には、巨大な災害ー隕石衝突か何かーが描かれ、その後に両方の種族が協力して何かを構築している絵があった。\n\n「これは歴史なのか、それとも予言なのか？」ガンマは疑問を口にした。
bU4W2hM7x9D5,4,2,神殿の中心部には円形の台座があり、その上に球体のクリスタルが置かれていた。クリスタルは内部から淡く脈動する光を放っていた。\n\nアルファが近づくと、突然クリスタルが強く輝き始めた。そして彼らの頭の中に直接、言葉が響いてきた。\n\n「来訪者たちよ、よく来た。我々は長い間、あなた方を待っていた」\n\n「誰だ？」オメガが警戒しながら尋ねた。\n\n「我々はノヴァ・コレクティブ。かつてこの惑星を治めていた種族だ。我々の肉体は滅びたが、意識はこのクリスタルネットワークに保存されている」\n\n「なぜ我々を呼んだ？」アルファが尋ねた。\n\n「宇宙の危機が迫っている。エネルギー波が銀河系に接近しており、多くの惑星を危険にさらすだろう。地球もその一つだ」\n\nクリスタルから放たれた光が変化し、宇宙の地図のようなホログラムが現れた。そこには巨大なエネルギーの波が銀河系へ向かって移動する様子が示されていた。\n\n「これは宇宙の自然現象か？」デルタが質問した。\n\n「いいえ。これは古代種族『ヴォイド・トラベラーズ』の行いだ。彼らはエネルギーを吸収することで生き延びる。我々の文明も彼らによって滅ぼされた」\n\n「我々に何ができるというのだ？」オメガが尋ねた。\n\n「この神殿は実は宇宙船でもある。クリスタルネットワークを完全に起動させれば、エネルギー波を阻止できる防御システムが作動する。しかし、起動には知性と感情を持つ生命体の協力が必要だ」\n\nアルファたちは互いに顔を見合わせた。彼らが選ばれた理由がようやく分かった。人間では対応できない危機を、彼らマンドリルが解決しなければならないのだ。
bU4W2hM7x9D5,4,3,「どうすれば起動できる？」アルファが尋ねた。\n\n「あなた方はまず、この惑星に散らばる五つのクリスタルを集めなければならない。それらが揃ってはじめて、防御システムを起動できる」\n\n神殿を出ると、彼らの前に先ほど出会った6足の生物たちが待っていた。彼らは明らかにマンドリルたちを案内しようとしていた。\n\n「どうやら我々には新しい仲間ができたようだ」ベータが笑顔を見せた。\n\nアルファは空を見上げた。見慣れない星々の中に、かすかな光の筋が見える。それがエネルギー波の前兆なのか、それとも単なる天体現象なのか分からなかったが、彼らの使命の重大さを改めて実感した。
bU4W2hM7x9D5,5,1,マンドリルたちは神殿で得た情報をもとに、五つのクリスタルを探す旅に出ることにした。ノヴァ・コレクティブはクリスタルの大まかな位置を教えてくれたが、詳細な場所は自分たちで探さなければならなかった。\n\n彼らは二手に分かれることにした。アルファとベータは6足生物（彼らはこの生物を「ヘクサ」と名付けた）の案内で北の山岳地帯へ。オメガ、ガンマ、デルタは東の森林地帯へ向かった。\n\nアルファとベータが案内されたのは、切り立った崖が連なる峡谷だった。ヘクサたちは難なく岩壁を登っていくが、マンドリルにとっても岩登りはお手の物だ。\n\n「彼らは自分たちが何を案内しているのか、分かっているのだろうか？」ベータが尋ねた。\n\n「おそらく。彼らはクリスタルのエネルギーを感知できるのかもしれない」アルファは答えた。\n\n峡谷の奥には滝があり、その後ろに洞窟が隠れていた。中に入ると、壁面が青白く光る鉱物で覆われていた。奥へ進むと、台座の上に青いクリスタルが置かれていた。\n\n「見つけた！」ベータが喜びの声を上げた。\n\nアルファがそれを手に取ると、クリスタルは明るく輝き、彼の手のひらでパルスを打つように光った。\n\n「一つ目を確保した。他のチームも上手くいっているといいが」\n\n一方、森林地帯に向かったチームは苦労していた。森は地球のジャングル以上に生い茂り、奇妙な形の植物が視界を遮っていた。さらに、大型の肉食生物が彼らを追いかけてきた。
bU4W2hM7x9D5,5,2,「こっちだ！」オメガが叫び、チームを導いた。\n\n彼らは何とか肉食生物を撒き、大きな樹の洞の中に隠れた。思いがけず、その樹の中心部に緑色のクリスタルが埋め込まれていた。\n\n「幸運だ」ガンマが言った。「二つ目のクリスタルを確保」\n\n残りの三つは、それぞれ海底の洞窟、溶岩が流れる火山内部、そして氷に閉ざされた極地に隠されていた。マンドリルたちは次々と困難を乗り越え、クリスタルを回収していった。\n\n最後の一つ、極地のクリスタルを探す途中、猛烈な吹雪に見舞われた。視界はほとんどゼロ、寒さで体が震える。\n\n「もう少しだ、諦めるな」オメガが励ました。\n\nそのとき、アルファは雪の中に半分埋もれた奇妙な構造物を見つけた。近づいてみると、それは小さな祠のようなものだった。氷を取り除くと、中から紫色のクリスタルが現れた。\n\n「最後のクリスタルだ！」
bU4W2hM7x9D5,5,3,しかし喜びも束の間、遠くから轟音が響いてきた。空を見上げると、巨大な黒い物体が降下してきていた。形状は流動的で、はっきりとしたかたちを持たない。\n\n「ヴォイド・トラベラーズだ！」デルタが叫んだ。「もうここまで来ているなんて...」\n\n「急いで神殿に戻ろう！」オメガが命じた。\n\n彼らは全速力で基地キャンプに戻り、必要な装備だけを積み込んで神殿へと向かった。空にはさらに多くの黒い物体が現れ、地上に降り立ち始めている。それらは地面に触れると、周囲の植物や岩から何かを吸い取るように、それらを枯れさせていった。\n\n「彼らはこの惑星のエネルギーを奪っている」ガンマが言った。「急がなければ、全てが失われる」\n\n神殿に到着すると、既に周囲はヴォイド・トラベラーズに囲まれていた。アルファたちはヘクサの群れに助けられ、何とか神殿内部に辿り着いた。\n\n「クリスタルを台座に置け！」アルファが指示した。\n\n五つのクリスタルが中央の台座を囲むように配置されると、強力な光が神殿内部を満たした。床や壁の模様が光り始め、神殿全体が起動し始めたのだ。
bU4W2hM7x9D5,6,1,神殿が変容するのをマンドリルたちは見守った。床や壁、天井に刻まれていた模様が全て光り、まるで巨大な回路のように繋がっていった。中央のクリスタルからは光の柱が天井へと伸び、神殿の外へと突き抜けていった。\n\n「システム起動中」ノヴァ・コレクティブの声が響いた。「防御準備まであと10分」\n\nしかし同時に、神殿の外からは激しい衝撃音が聞こえてきた。ヴォイド・トラベラーズが神殿を攻撃し始めたのだ。\n\n「彼らは我々の目的を理解している」ノヴァ・コレクティブが説明した。「防御システムが起動する前に破壊しようとしている」\n\n「どれくらい持ちこたえられる？」オメガが尋ねた。\n\n「神殿の防御力は強力だが、このままでは5分ほどしか持たないだろう」\n\nアルファはすぐに考えを巡らせた。「防御システムを早く起動させる方法はないのか？」\n\n「一つだけある」ノヴァ・コレクティブは答えた。「生命体のエネルギーを直接クリスタルネットワークに注入すれば、起動を早められる。しかし...」\n\n「しかし何だ？」アルファが追及した。
bU4W2hM7x9D5,6,2,「そのエネルギーを提供した生命体は、肉体を失う可能性がある」\n\n沈黙が神殿内を満たした。マンドリルたちは互いの顔を見合わせる。自己犠牲を伴う選択だった。\n\n「私がやる」アルファが一歩前に出た。\n\n「待て、アルファ」オメガが彼の腕を掴んだ。「それは私の役目だ。リーダーとして」\n\n「いや、私たちは皆必要だ」アルファは言い返した。「だが、別の方法があるはずだ」\n\nその時、ヘクサたちが前に進み出た。彼らは円を形成し、クリスタルを囲むように並んだ。\n\n「彼らは...助けようとしている」デルタが気づいた。\n\nノヴァ・コレクティブの声が響いた。「彼らはこの惑星の原住民だ。彼らも我々と同じように、自分たちの世界を守りたいと思っている」\n\nヘクサたちは体から淡い光を放ち始めた。その光はクリスタルに吸い込まれていく。\n\n「彼らは集合的にエネルギーを提供している」ノヴァ・コレクティブが説明した。「一人一人の負担は小さいが、全体では大きなエネルギーとなる」\n\nアルファは決断した。「我々も協力しよう」\n\nマンドリルたちもヘクサの輪に加わり、手をつないだ。彼らの間に電気のようなエネルギーが流れ始める。アルファは体から力が抜けていくような感覚を覚えたが、同時に強い結束感も感じた。
bU4W2hM7x9D5,6,3,「システム起動時間、2分に短縮」ノヴァ・コレクティブが報告した。\n\n神殿の外からの攻撃音はさらに激しくなり、壁に亀裂が入り始めた。\n\n「持ちこたえろ！」オメガが叫んだ。\n\nアルファは目を閉じ、仲間たちのエネルギーを感じながら、自分の全てを注ぎ込んだ。頭の中に様々な映像が浮かんだ。地球、研究所、星空...そして彼らをここに送り出したカーン博士の顔。\n\n突然、神殿全体が激しく震動し、まばゆい光が部屋中を満たした。\n\n「防御システム起動」ノヴァ・コレクティブの声が響き渡った。\n\n神殿から巨大なエネルギー波が放射され、ヴォイド・トラベラーズを押し返していく。空には巨大な青白いドームが形成され、惑星全体を覆い始めた。\n\nしかし勝利の瞬間、アルファは床に崩れ落ちた。エネルギーの放出が彼の体に大きな負担をかけたのだ。\n\n「アルファ！」ベータが駆け寄った。\n\n「大丈夫...だ」アルファは弱々しく言った。「我々は...成功した...」\n\nデルタが彼の状態を確認する。「生命反応は弱いが、安定している。回復の見込みはある」\n\n神殿の外では、ヴォイド・トラベラーズの姿は消え、静寂が戻っていた。惑星を覆うエネルギードームは、宇宙から接近してきた巨大なエネルギー波を反射していた。\n\n「我々の任務は達成された」オメガは静かに言った。「だが、まだ終わりではない」\n\nノヴァ・コレクティブの声が再び響いた。「防御バリアは安定しました。しかし、これは一時的な解決策に過ぎません。ヴォイド・トラベラーズは再び戻ってくるでしょう」\n\n「では、我々は何をすべきなのだ？」ガンマが尋ねた。\n\n「最終決戦の準備をするのです」ノヴァ・コレクティブは答えた。「そして、それには地球の協力が必要です」\n\nアルファは意識が遠のく中、最後に一つの思いが浮かんだ。彼らの旅は終わりではなく、真の冒険はこれから始まるのだと。
bU4W2hM7x9D5,7,1,「バリアはどうなっている？」\n\n「安定している」デルタが答えた。「ノヴァ・コレクティブによれば、少なくとも6ヶ月は持つそうだ」\n\nアルファは安堵の息を吐いた。彼らには地球に戻る時間があるということだ。\n\n回復を待つ間、マンドリルたちはノヴァ・コレクティブから更なる情報を得ていた。ヴォイド・トラベラーズは数千年前から銀河系を徘徊し、様々な惑星の生命エネルギーを吸収してきた存在だった。彼らを完全に止めるには、銀河連合と呼ばれる異なる惑星の文明が協力する必要があるという。\n\n「地球はまだ銀河連合には加入していない」ノヴァ・コレクティブは説明した。「しかし、今回の危機が、その最初のステップとなるかもしれない」\n\n1週間後、アルファの体力が十分に回復すると、彼らは帰還の準備を始めた。ノヴァ・コレクティブは彼らに特別なデータクリスタルを渡した。それには銀河連合に関する情報と、ヴォイド・トラベラーズに対抗するための技術情報が記録されていた。\n\n「地球の科学者たちにこれを渡してください。彼らはこの情報を使って、地球の防御システムを構築できるでしょう」\n\n出発の日、ヘクサたちが大勢集まって彼らを見送りに来た。不思議なことに、アルファは彼らの気持ちが分かるような気がした。感謝と友情、そして別れの寂しさ。クリスタルとの接触が彼にこのような能力を与えたのかもしれない。\n\n「もう一度会えるだろうか？」アルファはヘクサのリーダーに問いかけた。\n\n言葉はなかったが、心の中に明確な返答が響いた。「必ず」\n\n宇宙船「プライメイト・ワン」は無事に地球へ帰還した。着陸すると、カーン博士を含む多くの科学者たちが彼らを出迎えた。
bU4W2hM7x9D5,7,2,「無事に戻ってきてくれて、本当に良かった」カーン博士は感激の表情を浮かべていた。「君たちの送ってくれたデータは、我々の予想を遥かに超えるものだった」\n\nマンドリルたちは地球で英雄として迎えられた。彼らの経験は詳細に記録され、データクリスタルの情報は世界中の科学者たちによって研究された。\n\n数ヶ月後、国連宇宙防衛計画が発表された。地球全体を守るためのバリアシステムの構築が始まったのだ。同時に、銀河連合への接触準備も進められた。\n\n研究所に戻ったマンドリルたちは、次の任務に向けて新たな訓練を受けていた。ある夜、アルファは屋上で星を眺めていた。オメガが近づいてきて隣に座った。\n\n「何を考えている？」オメガが尋ねた。\n\n「ノヴァ・テラのこと、ヘクサたちのこと...そして我々の未来のことだ」アルファは答えた。「我々はもう同じではない。宇宙を見てしまった。多くの生命体と出会い、共に戦った。地球だけが我々の世界ではなくなった」\n\nオメガはうなずいた。「我々はマンドリルでありながら、それ以上のものになった。橋渡し役だ。地球と宇宙の間の」\n\n遠くの空に、流れ星が一瞬輝いた。アルファはそれが単なる流星なのか、それとも何か別のものからのメッセージなのか考えた。どちらにせよ、彼らの冒険はまだ始まったばかりだった。\n\n「次はどこへ行くんだろうな」アルファは静かに言った。\n\n「どこへでも」オメガは微笑んだ。「宇宙は広い。そして我々には、守るべき家がある」\n\nアルファは空を見上げた。数え切れないほどの星々が彼を見つめ返していた。その一つ一つに、新たな冒険が待っているのかもしれない。そして、彼らマンドリルは、その冒険に立ち向かう準備ができていた。\n\n地球では、人々が空を見上げる時、少し違った思いを抱くようになっていた。あの星々の間には友がいるかもしれない。そして、彼らを守るために旅立った勇敢なマンドリルたちがいる。新たな時代の幕開けだった。