1,"aBcDeFgHiJkL"
1,"afcIMuetDuzj"
1,"oAdD3YQSPdhi"
1,"ZxCvBnM0aSdF"
1,"JzJ3KAq5qAW7"
1,"vmBAU7siuQQY"
1,"4GhJkLmN5pQr"
1,"StUvWxYz6AbC"
1,"30nQty8W7smD"
1,"4fG7hJkL8mN9"
1,"myBNkDqAtRqk"
1,"L1DiSyngIWAV"
1,"7DeFgHiJkLmN"
1,"JmER0Dv1rcto"
1,"GQzalRaaauMv"
1,"NXzgFV7yh8ah"
1,"ZxCvBnM3aSdF"
1,"9CBLiVwd8WAK"
2,"afcIMuetDuzj"
2,"Hh5r4Kj9Tb8v"
2,"T8hN3sQ1vG5j"
2,"kA8w5fE3Xn9h"
2,"rfSM2py62Moi"
2,"TuMBBnxYlMzN"
2,"1GhJkLmN2pQr"
2,"HG9WCU2vwlUH"
2,"PAmlkYOlowLL"
2,"Za82lVtyySqu"
2,"SivD0btT6Es6"
2,"p9KOtNA16COR"
3,"afcIMuetDuzj"
3,"C4hD3jZ8rK6e"
3,"dJ4fLnQ2ZcR3"
3,"cKIlzDU9wMqQ"
3,"v21pjIlzDua1"
3,"GpBYXMImgcpw"
3,"OagkR9XuHRvO"
3,"13ziMlZ9dsT6"
3,"DQWRJrdl6QBX"
3,"5x2sYLfFjXdz"
3,"9UizZw491wye"
3,"ln5NiMJq02V7"
4,"afcIMuetDuzj"
4,"aBcDeFgHiJkL"
4,"ZxCvBnM1aSdF"
4,"h9m1x3g6r7q4"
4,"gsyeONWjFOYW"
4,"ZGDPa9w6JGyy"
4,"e9PE3fu1yHEJ"
4,"FOXixF0ZvpOW"
4,"Nf8Z3vQ0Jg1P"
4,"5zNu1FhKcYQm"
4,"T3M5dY1F6h8Q"
4,"B6aLrRLXN5yF"
4,"1a2b3c4d5e1k"
4,"G3kM2nJ5f8LQ"
4,"h8eN2dFQp1Zy"
4,"pDYIwtdahwkp"
5,"bU4W2hM7x9D5"
5,"ZxCvBnM0aSdF"
5,"vmBAU7siuQQY"
5,"TT2TSXv2HqmZ"
5,"DzmWN5q0K8fa"
5,"3zv8olHafTpm"
5,"P8k7jQx1fS5h"
5,"w0GxstRSIRCH"
5,"LGYEynrdXPCd"
5,"N4j5Xc1W2q9Z"
5,"Q1eA3b9F4mD2"
5,"pDYIwtdahwkp"
6,"aBcDeFgHiJkL"
6,"G7H8I1232FL2"
6,"aG9b7V2kQ4d5"
6,"h9m1x3g6r7q4"
6,"Nf8Z3vQ0Jg1P"
6,"T3M5dY1F6h8Q"
6,"G3kM2nJ5f8LQ"
6,"h8eN2dFQp1Zy"
6,"b1D9eH5z7YgW"
6,"5zNu1FhKcYQm"
6,"pDYIwtdahwkp"
7,"C4hD3jZ8rK6e"
7,"w7TqJ5hE9zLb"
7,"f6KqT2h1NpJ8"
7,"VVUwdUHaz9zD"
7,"ZxCvBnM1aSdF"
7,"oAdD3YQSPdhi"
7,"JzJ3KAq5qAW7"
7,"bfJUBkCwyHBc"
7,"wP8jG6zT2kD1"
7,"7j2g6k9f1hj8"
7,"aBcDeFgHiJkL"
7,"dJ4fLnQ2ZcR3"
8,"aBcDeFgHiJkL"
8,"G3kM2nJ5f8LQ"
8,"h9m1x3g6r7q4"
8,"Nf8Z3vQ0Jg1P"
8,"T3M5dY1F6h8Q"
8,"h8eN2dFQp1Zy"
8,"b1D9eH5z7YgW"
8,"5zNu1FhKcYQm"
8,"dJ4fLnQ2ZcR3"
9,"C4hD3jZ8rK6e"
9,"Hh5r4Kj9Tb8v"
9,"3BndPAiEFnjB"
9,"PAmlkYOlowLL"
9,"e9PE3fu1yHEJ"
9,"MBR6waVBCGaK"
9,"acmqLmvOHYUa"
9,"3y03bnir7aXi"
9,"GQzalRaaauMv"
9,"dJ4fLnQ2ZcR3"
10,"aBcDeFgHiJkL"
10,"Hh5r4Kj9Tb8v"
10,"ln5NiMJq02V7"
10,"4GhJkLmN5pQr"
10,"1GhJkLmN2pQr"
10,"StUvWxYz6AbC"
10,"8QwErTyUiOp9"
10,"ZxCvBnM3aSdF"
10,"9CBLiVwd8WAK"
10,"JmER0Dv1rcto"
10,"RfH9z3Qb1Yk6"
10,"dJ4fLnQ2ZcR3"
1,"Hh5r4Kj9Tb8v"
2,"aBcDeFgHiJkL"
3,"Hh5r4Kj9Tb8v"
4,"Hh5r4Kj9Tb8v"
5,"Hh5r4Kj9Tb8v"
6,"Hh5r4Kj9Tb8v"
5,"C4hD3jZ8rK6e"
6,"C4hD3jZ8rK6e"
1,"13ziMlZ9dsT6"
2,"13ziMlZ9dsT6"
4,"13ziMlZ9dsT6"
7,"13ziMlZ9dsT6"
10,"13ziMlZ9dsT6"
1,"bfJUBkCwyHBc"
4,"bfJUBkCwyHBc"
8,"bfJUBkCwyHBc"
2,"MBR6waVBCGaK"
5,"MBR6waVBCGaK"
8,"MBR6waVBCGaK"
3,"w7TqJ5hE9zLb"
9,"w7TqJ5hE9zLb"
1,"3BndPAiEFnjB"
6,"3BndPAiEFnjB"
2,"f6KqT2h1NpJ8"
3,"aG9b7V2kQ4d5"
5,"aG9b7V2kQ4d5"
8,"aG9b7V2kQ4d5"
10,"aG9b7V2kQ4d5"
2,"VVUwdUHaz9zD"
4,"VVUwdUHaz9zD"
9,"VVUwdUHaz9zD"
1,"kA8w5fE3Xn9h"
4,"kA8w5fE3Xn9h"
7,"kA8w5fE3Xn9h"
9,"kA8w5fE3Xn9h"
2,"ZxCvBnM1aSdF"
6,"ZxCvBnM1aSdF"
10,"ZxCvBnM1aSdF"
3,"gsyeONWjFOYW"
8,"gsyeONWjFOYW"
2,"TT2TSXv2HqmZ"
9,"TT2TSXv2HqmZ"
6,"ZGDPa9w6JGyy"
8,"ZGDPa9w6JGyy"
1,"DzmWN5q0K8fa"
6,"DzmWN5q0K8fa"
2,"3zv8olHafTpm"
7,"3zv8olHafTpm"
5,"e9PE3fu1yHEJ"
8,"e9PE3fu1yHEJ"
3,"StUvWxYz6AbC"
6,"StUvWxYz6AbC"
4,"rfSM2py62Moi"
8,"rfSM2py62Moi"
3,"8QwErTyUiOp9"
7,"8QwErTyUiOp9"
1,"P8k7jQx1fS5h"
9,"P8k7jQx1fS5h"
2,"Saxx0mp1qFWZ"
4,"Saxx0mp1qFWZ"
6,"Saxx0mp1qFWZ"
3,"30nQty8W7smD"
7,"30nQty8W7smD"
2,"4fG7hJkL8mN9"
5,"4fG7hJkL8mN9"
9,"4fG7hJkL8mN9"
5,"FOXixF0ZvpOW"
9,"FOXixF0ZvpOW"
3,"w0GxstRSIRCH"
8,"w0GxstRSIRCH"
4,"LGYEynrdXPCd"
7,"LGYEynrdXPCd"
1,"6Fv0Hk3N9yT5"
3,"6Fv0Hk3N9yT5"
2,"myBNkDqAtRqk"
6,"myBNkDqAtRqk"
3,"L1DiSyngIWAV"
5,"L1DiSyngIWAV"
4,"7DeFgHiJkLmN"
8,"7DeFgHiJkLmN"
2,"Z2g6R9fX4vT8"
6,"Z2g6R9fX4vT8"
1,"GpBYXMImgcpw"
5,"GpBYXMImgcpw"
9,"GpBYXMImgcpw"
2,"OagkR9XuHRvO"
6,"OagkR9XuHRvO"
10,"OagkR9XuHRvO"
5,"7j2g6k9f1hj8"
9,"7j2g6k9f1hj8"
4,"8m2TkdB7ednc"
7,"8m2TkdB7ednc"
1,"61dUxxBvsihx"
5,"61dUxxBvsihx"
3,"1yUT32znPUDd"
9,"1yUT32znPUDd"
6,"4GhJkLmN5pQr"
8,"4GhJkLmN5pQr"
3,"B6aLrRLXN5yF"
9,"B6aLrRLXN5yF"
1,"1a2b3c4d5e1k"
6,"1a2b3c4d5e1k"
2,"G3kM2nJ5f8LQ"
1,"5x2sYLfFjXdz"
7,"5x2sYLfFjXdz"
3,"TuMBBnxYlMzN"
5,"TuMBBnxYlMzN"
4,"1GhJkLmN2pQr"
6,"1GhJkLmN2pQr"
5,"bfJUBkCwyHBc"
9,"bfJUBkCwyHBc"
3,"RfH9z3Qb1Yk6"
7,"RfH9z3Qb1Yk6"
1,"HG9WCU2vwlUH"
4,"HG9WCU2vwlUH"
2,"h8eN2dFQp1Zy"
5,"h8eN2dFQp1Zy"
1,"R4nlx0cfdfT5"
3,"R4nlx0cfdfT5"
4,"MBR6waVBCGaK"
7,"MBR6waVBCGaK"
10,"MBR6waVBCGaK"
1,"acmqLmvOHYUa"
6,"acmqLmvOHYUa"
2,"b1D9eH5z7YgW"
4,"b1D9eH5z7YgW"
1,"3y03bnir7aXi"
5,"3y03bnir7aXi"
2,"JmER0Dv1rcto"
6,"JmER0Dv1rcto"
3,"wP8jG6zT2kD1"
8,"wP8jG6zT2kD1"
1,"Q1eA3b9F4mD2"
4,"Q1eA3b9F4mD2"
2,"N4j5Xc1W2q9Z"
7,"N4j5Xc1W2q9Z"
1,"L7QYAtVzgt3N"
9,"L7QYAtVzgt3N"
2,"uXZUvDPZZXKh"
3,"uXZUvDPZZXKh"
4,"GQzalRaaauMv"
8,"GQzalRaaauMv"
2,"NXzgFV7yh8ah"
6,"NXzgFV7yh8ah"
4,"ZxCvBnM3aSdF"
7,"ZxCvBnM3aSdF"
3,"9CBLiVwd8WAK"
5,"9CBLiVwd8WAK"
4,"bU4W2hM7x9D5"
4,"w7TqJ5hE9zLb"
4,"G7H8I1232FL2"
4,"3BndPAiEFnjB"
4,"3gNJnRcrwrUH"
4,"v21pjIlzDua1"
4,"SivD0btT6Es6"
4,"cKIlzDU9wMqQ"
4,"6Fv0Hk3N9yT5"
4,"wP8jG6zT2kD1"