1,"aBcDeFgHiJkL","ドラゴン好きにはたまらない一冊！神話や伝説だけでなく、歴史的な背景や科学的視点からの考察もあり、読み応え抜群。イラストも豊富で、ページをめくるたびにワクワクしました。",5.0
2,"aBcDeFgHiJkL","地域ごとのドラゴンの違いが詳しく解説されていて、とても興味深かったです。もう少し現代のフィクション作品に登場するドラゴンの分析もあると、さらに楽しめたかも。",4.5
3,"aBcDeFgHiJkL","図鑑としての完成度が高く、資料としても役立つ内容でした。ただ、一部の科学的な考察は少し専門的すぎて、難しく感じる部分もありました。",4.5
4,"aBcDeFgHiJkL","ドラゴンの文化的意義を掘り下げた内容がとても面白かった！西洋と東洋のドラゴンの違いがわかりやすく、歴史を学びながら楽しめました。",4.0
5,"aBcDeFgHiJkL","ビジュアルがとても美しく、眺めるだけでも価値のある本。ただ、もう少しストーリー仕立てで読みやすい構成だったら、もっと楽しく読めたかもしれません。",3.5
7,"aBcDeFgHiJkL","神話や伝承の部分が特に面白く、各地域ごとのドラゴンの違いを比較できるのが良かった！ファンタジー好きなら楽しめると思います。",4.0
8,"aBcDeFgHiJkL","図鑑というよりも資料集に近い印象。もう少し物語的なエピソードがあると、より楽しめたかもしれません。",3.5
9,"aBcDeFgHiJkL","図鑑としての内容はしっかりしているけど、専門的すぎて途中で飽きてしまった。もう少し初心者向けの解説があると、もっと読みやすかったかも。",2.5
10,"aBcDeFgHiJkL","伝説と科学の両面からドラゴンを解説していて、知的好奇心を刺激されました！ドラゴンのリアルな生態を考察する部分が特に面白かったです。",5.0
1,"afcIMuetDuzj","知識の宝庫で、読み終える頃には少し賢くなった気がした。",4.5
2,"afcIMuetDuzj","人生観が変わるほどの深い洞察が詰まっていました。",3.0
3,"afcIMuetDuzj","読む手が止まらないほど引き込まれた。",3.5
4,"afcIMuetDuzj","心に響く言葉が何度も胸を打った。",5.0
5,"afcIMuetDuzj","言葉の美しさに何度もページをめくり直した。",3.5
6,"afcIMuetDuzj","想像力をかき立てられる素晴らしいストーリーだった。",3.5
7,"afcIMuetDuzj","感動しました。何度も読み直したいと思いました。",3.0
8,"afcIMuetDuzj","登場人物に感情移入しすぎて泣いてしまった。",5.0
9,"afcIMuetDuzj","終わるのが惜しいほど楽しかった。",4.5
10,"afcIMuetDuzj","感動的な結末に、読後の余韻が心地よかった。",3.5
1,"C4hD3jZ8rK6e","最後まで予測できない展開に引き込まれました！リゾートの華やかな雰囲気と不穏な空気のコントラストが絶妙で、一気読みしてしまいました。",5.0
2,"C4hD3jZ8rK6e","ミステリーとしての完成度が高く、伏線の回収も見事。特にフラミンゴの羽が象徴する意味が明らかになるシーンにはゾクッとしました！",4.5
3,"C4hD3jZ8rK6e","ジェイク刑事のキャラクターが魅力的で、彼の過去が事件とどう絡むのかも見どころ。もう少し犯人の動機が深掘りされていたら、もっと楽しめたかも。",4.0
4,"C4hD3jZ8rK6e","サスペンス要素と心理描写が絶妙に絡み合い、最後のどんでん返しには驚かされました！読後も余韻が残る素晴らしい作品です。",5.0
5,"C4hD3jZ8rK6e","事件の舞台となるリゾートの描写が美しく、雰囲気は抜群。ただ、途中で少し展開が冗長に感じる部分もありました。",3.5
6,"C4hD3jZ8rK6e","ミステリーとしては悪くないけど、登場人物の背景がもう少し掘り下げられていると感情移入しやすかったかも。",3.0
7,"C4hD3jZ8rK6e","フラミンゴの羽の謎が解明される過程が面白かった！セレブたちの秘密が絡むことで、単なる殺人事件以上の深みが出ていたと思います。",4.0
8,"C4hD3jZ8rK6e","期待していたほどの緊張感がなく、ストーリーの進行が少し遅く感じました。後半の展開は良かったので、序盤がもう少しテンポよければ…。",2.5
9,"C4hD3jZ8rK6e","一見バラバラに見えた手がかりが、最後にひとつの真実へと収束する流れが見事。フラミンゴの羽に隠された意味が明かされた瞬間は鳥肌もの！",4.5
1,"Hh5r4Kj9Tb8v","音楽と自然、そして恋愛が美しく絡み合った作品でした。ツルの舞から生まれる旋律の描写が繊細で、読んでいるだけで音が聞こえてくるようでした。",5.0
2,"Hh5r4Kj9Tb8v","サキの芸術への情熱とハヤトとの恋の狭間で揺れる心情が丁寧に描かれていて、とても共感できました。ラストの余韻が素晴らしかったです。",5.0
3,"Hh5r4Kj9Tb8v","ツルの美しさと音楽の表現が見事でした。ただ、恋愛パートがもう少し深掘りされていたら、もっと感情移入できたかもしれません。",4.5
4,"Hh5r4Kj9Tb8v","自然の美しさと芸術の力が融合した、心に響く物語。サキの成長が丁寧に描かれていて、彼女の決断に胸が熱くなりました。",5.0
7,"Hh5r4Kj9Tb8v","ツルの舞からインスピレーションを得るという設定がユニークで印象的でした。芸術に生きる人の葛藤がリアルに描かれていたのが良かったです。",4.5
9,"Hh5r4Kj9Tb8v","音楽と恋愛のバランスが絶妙で、読んでいて心が温かくなりました。ツルの存在が象徴的で、幻想的な雰囲気を醸し出していたのも素敵。",5.0
10,"Hh5r4Kj9Tb8v","芸術家としてのサキの成長が描かれているのは良かったけど、ハヤトのキャラクターがもう少し掘り下げられていたら、恋愛要素にももっと深みが出たと思う。",4.0
2,"dJ4fLnQ2ZcR3","画家の残した絵が謎解きの手がかりになっているのが面白かった！ヤギが単なるペットではなく、物語の核心に関わる存在だったのが意外で良かったです。",4.5
3,"dJ4fLnQ2ZcR3","美術ミステリーとして楽しめる一冊。もう少し探偵のキャラクターに深みがあると、もっと感情移入できたかも。",4.0
4,"dJ4fLnQ2ZcR3","アイデアは魅力的だけど、途中の展開がややゆっくりで、もう少しテンポよく進んでほしかった。ただ、結末には驚かされました！",3.5
5,"dJ4fLnQ2ZcR3","ミステリーとしては面白かったけど、美術の専門的な部分が多くて少し難しく感じるところも。もう少しライトな読み口だと良かったかも。",3.0
6,"dJ4fLnQ2ZcR3","ヤギがここまでストーリーに絡んでくるとは思わなかった！芸術と動物を絡めたユニークな設定が新鮮で、非常に楽しめました。",5.0
7,"dJ4fLnQ2ZcR3","絵画に込められた意味を探るミステリーとして秀逸。ヤギの行動に注目すると、序盤からヒントが散りばめられていて、再読したくなる作品でした。",4.0
8,"dJ4fLnQ2ZcR3","画家の失踪の謎には興味を惹かれたけど、全体的に展開がゆったりしていて、もう少し緊迫感が欲しかった。",2.5
10,"dJ4fLnQ2ZcR3","山小屋の描写や画家の背景など、雰囲気は抜群。ただ、結末が少しあっさりしていて、もう少し余韻が欲しかった。",3.5
1,"bU4W2hM7x9D5","宙を旅するマンドリルという設定が斬新で、ワクワクしながら読み進めました！未知の生物との出会いがスリリングで、最後まで飽きさせません。",5.0
2,"bU4W2hM7x9D5","マンドリルたちの個性がしっかり描かれていて、仲間との絆に感動しました。もう少し科学的な説明があると、さらにリアリティが増したかも？",4.5
3,"bU4W2hM7x9D5","宇宙探検と友情の要素がバランスよく描かれていて楽しかった！特に異星人とのやりとりがユーモラスで、読んでいてニヤリとしてしまう場面も。",4.5
4,"bU4W2hM7x9D5","まさかマンドリルが宇宙に行くなんて…！設定の意外性だけでなく、ストーリーも練られていて、熱い冒険譚として大満足の一冊でした。",5.0
5,"bU4W2hM7x9D5","ストーリーは面白かったけど、もう少しキャラクターの掘り下げが欲しかったかも。特に敵キャラの背景が薄く感じました。",3.5
6,"bU4W2hM7x9D5","設定はユニークだけど、展開が王道すぎて予想の範囲内だったかな。でも、宇宙の描写は美しくて雰囲気は最高でした！",3.0
7,"bU4W2hM7x9D5","SFとしての魅力もしっかりありつつ、マンドリルたちのユーモラスな掛け合いが楽しかった！続編があるならぜひ読みたいです。",4.5
8,"bU4W2hM7x9D5","マンドリルという設定がユニークすぎて、個人的には感情移入が難しかった…。でも、宇宙の冒険シーンは迫力があって良かったです。",2.5
9,"bU4W2hM7x9D5","宇宙の神秘と冒険のワクワク感がたっぷり詰まった一冊！マンドリルたちの成長も丁寧に描かれていて、読み終わった後に爽やかな余韻が残りました。",5.0
10,"bU4W2hM7x9D5","アイデアは素晴らしいけど、物語の後半が少し駆け足に感じました。もっとじっくり惑星探査のシーンを描いてほしかったです。",3.5
1,"w7TqJ5hE9zLb","スリリングな展開で、最後まで目が離せませんでした。",4.5
2,"w7TqJ5hE9zLb","登場人物の心理描写が巧みで、感情移入してしまいました。",4.0
3,"w7TqJ5hE9zLb","予想外の結末に驚かされました。素晴らしい作品です。",5.0
4,"w7TqJ5hE9zLb","もう少しテンポが良ければ、もっと楽しめたかもしれません。",3.5
5,"w7TqJ5hE9zLb","深いメッセージが込められていて、考えさせられました。",4.0
1,"G7H8I1232FL2","文章が美しく、読んでいて心が洗われるようでした。",4.5
2,"G7H8I1232FL2","ストーリーが複雑すぎて、少し理解が難しかったです。",2.5
3,"G7H8I1232FL2","独創的な世界観で、想像力をかき立てられました。",4.0
6,"G7H8I1232FL2","感動的な場面が多く、涙なしには読めませんでした。",5.0
7,"G7H8I1232FL2","哲学的な内容で、人生について深く考えさせられました。",4.5
8,"G7H8I1232FL2","文学的価値の高い、素晴らしい作品だと思います。",4.0
4,"f6KqT2h1NpJ8","軽快なテンポで、あっという間に読み終えてしまいました。",4.5
5,"f6KqT2h1NpJ8","キャラクターが魅力的で、続編があれば読みたいです。",4.0
7,"f6KqT2h1NpJ8","日常の中にある小さな幸せを見つけられる作品でした。",4.5
9,"f6KqT2h1NpJ8","心温まるストーリーで、読後感が非常に良かったです。",5.0
10,"f6KqT2h1NpJ8","もう少し深みがあると、もっと満足できたかもしれません。",3.5
1,"aG9b7V2kQ4d5","緻密に構成されたプロットに感動しました。",5.0
3,"aG9b7V2kQ4d5","読み応えがあって、知的好奇心を満たしてくれました。",4.5
5,"aG9b7V2kQ4d5","専門的な内容も分かりやすく説明されていて良かったです。",4.0
6,"aG9b7V2kQ4d5","少し難しい部分もありましたが、勉強になりました。",3.5
8,"aG9b7V2kQ4d5","新しい視点を得ることができて、有意義でした。",4.0
9,"aG9b7V2kQ4d5","実用的な内容で、日常生活にも活かせそうです。",4.5
10,"aG9b7V2kQ4d5","内容は良いですが、もう少し読みやすければ良かったです。",3.0
1,"pDYIwtdahwkp","私もこんな経験をしたいと思いました。",5.0
2,"pDYIwtdahwkp","人生について深く考えさせられる素晴らしい作品でした。",4.5
3,"pDYIwtdahwkp","文章が美しく、読んでいて心地よい気分になりました。",4.0
4,"pDYIwtdahwkp","主人公の成長が丁寧に描かれていて、感動しました。",5.0
5,"pDYIwtdahwkp","少し難解な部分もありましたが、読み応えがありました。",3.5
6,"pDYIwtdahwkp","心の奥底に響く言葉がたくさんありました。",4.5
7,"pDYIwtdahwkp","このような体験を通して人は成長するのだと実感しました。",4.0
8,"pDYIwtdahwkp","感情移入しやすく、最後まで楽しく読めました。",4.0
9,"pDYIwtdahwkp","人生の教訓が詰まった、価値ある一冊だと思います。",5.0
10,"pDYIwtdahwkp","何度も読み返したくなる、深みのある作品でした。",4.5
2,"ln5NiMJq02V7","ファンタジー要素と現実的な問題のバランスが絶妙でした。",4.5
4,"ln5NiMJq02V7","想像力豊かな世界観で、読んでいてワクワクしました。",4.0
6,"ln5NiMJq02V7","魔法的なリアリズムが見事に表現されていました。",4.5
8,"ln5NiMJq02V7","現代的なテーマを古典的な手法で描いているのが印象的でした。",4.0
10,"ln5NiMJq02V7","最後の展開が予想外で、驚きとともに感動しました。",5.0
1,"9UizZw491wye","読み進むにつれドンドン引き込まれていきました。",3.5
2,"9UizZw491wye","首を長くして待っていました。非常に楽しかったです。",3.0
3,"9UizZw491wye","読んでいる間、時間を忘れるほど夢中になれました。",3.0
4,"9UizZw491wye","物語の展開が巧妙で、予想を超える展開が続いて面白かったです。",3.0
5,"9UizZw491wye","登場人物それぞれに個性があって、読んでいて飽きませんでした。",4.0
6,"9UizZw491wye","ストーリーの構成が素晴らしく、伏線の回収も見事でした。",4.5
7,"9UizZw491wye","もう少し短くまとめてもらえたら、もっと読みやすかったかも。",3.0
8,"9UizZw491wye","期待通りの面白さで、一気に読み切ってしまいました。",4.0
9,"9UizZw491wye","心に響くメッセージが込められていて、考えさせられました。",4.5
10,"9UizZw491wye","読後感が非常に良く、友人にも勧めたいと思います。",4.0
2,"3BndPAiEFnjB","歴史的背景が丁寧に描かれていて、勉強になりました。",4.0
4,"3BndPAiEFnjB","タイムスリップ要素が巧みに使われていて面白かったです。",4.5
6,"3BndPAiEFnjB","過去と現在の対比が印象的で、考えさせられました。",4.0
8,"3BndPAiEFnjB","歴史小説としても恋愛小説としても楽しめる作品でした。",4.5
10,"3BndPAiEFnjB","登場人物の心情が丁寧に描かれていて、感動しました。",5.0
2,"3gNJnRcrwrUH","現代社会の問題を鋭く描いていて、考えさせられました。",4.0
4,"3gNJnRcrwrUH","社会派小説として非常に優れていると思います。",4.5
6,"3gNJnRcrwrUH","リアルな描写で、現実味がありました。",4.0
8,"3gNJnRcrwrUH","重いテーマですが、希望も感じられる内容でした。",4.5
10,"3gNJnRcrwrUH","社会問題について深く考えるきっかけになりました。",4.0
1,"v21pjIlzDua1","ミステリーとしての完成度が高く、最後まで犯人が分かりませんでした。",5.0
3,"v21pjIlzDua1","伏線の張り方が巧妙で、二度読みしたくなる作品でした。",4.5
5,"v21pjIlzDua1","心理描写が秀逸で、登場人物の内面が良く描かれていました。",4.0
7,"v21pjIlzDua1","トリックが斬新で、騙されました。見事な推理小説です。",4.5
9,"v21pjIlzDua1","読み応えがあって、ミステリーファンにはおすすめの一冊です。",4.0
1,"p9KOtNA16COR","青春の甘酸っぱさが見事に表現されていて、懐かしくなりました。",4.5
3,"p9KOtNA16COR","恋愛小説として王道ですが、それでも心に響くものがありました。",4.0
5,"p9KOtNA16COR","登場人物が魅力的で、応援したくなりました。",4.5
7,"p9KOtNA16COR","純粋な愛情が美しく描かれていて、感動しました。",5.0
9,"p9KOtNA16COR","読んでいて心が温かくなる、素敵な作品でした。",4.5
1,"PAmlkYOlowLL","心に残る名言がたくさんあって、メモを取りながら読みました。",5.0
3,"PAmlkYOlowLL","人間関係について考えさせられる、深い内容でした。",4.5
5,"PAmlkYOlowLL","現実的な問題を扱っていて、とても共感できました。",4.0
7,"PAmlkYOlowLL","少し重いテーマですが、読む価値のある作品だと思います。",4.0
9,"PAmlkYOlowLL","希望を与えてくれるメッセージが込められていて良かったです。",4.5
10,"PAmlkYOlowLL","感情に訴える力が強く、読後も長く心に残りました。",5.0
1,"VVUwdUHaz9zD","ライオンが主人公のファンタジー小説として非常に魅力的でした。夜の王国という設定が神秘的で、読んでいてワクワクしました。",4.5
2,"VVUwdUHaz9zD","動物が主人公の物語は苦手でしたが、この作品は別格でした。ライオンの心情が丁寧に描かれていて感動しました。",4.0
3,"VVUwdUHaz9zD","ファンタジー要素と動物の生態が上手く融合されていて面白かったです。",4.5
5,"VVUwdUHaz9zD","少し冗長な部分もありましたが、全体的に楽しめる作品でした。",3.5
7,"VVUwdUHaz9zD","夜の描写が美しく、幻想的な世界観に引き込まれました。",5.0
8,"VVUwdUHaz9zD","ライオンの王としての成長物語が感動的で、最後は涙が出ました。",4.5
9,"VVUwdUHaz9zD","子供から大人まで楽しめる、素晴らしいファンタジー作品だと思います。",4.0
2,"SivD0btT6Es6","ワニという珍しい視点から描かれた恋愛小説。意外にも心に響く内容でした。",4.0
4,"SivD0btT6Es6","タイトルに惹かれて読みましたが、期待以上に深い内容でした。",4.5
6,"SivD0btT6Es6","ワニの心情と人間の心情を対比させた表現が秀逸でした。",4.0
8,"SivD0btT6Es6","ユニークな設定ですが、普遍的な愛のテーマが描かれていて良かったです。",3.5
10,"SivD0btT6Es6","少し理解が難しい部分もありましたが、新鮮な読書体験でした。",3.0
1,"ZxCvBnM1aSdF","ゾウの社会を舞台にした壮大な戦記物語。動物の世界でもこんなドラマがあるのかと驚きました。",5.0
3,"ZxCvBnM1aSdF","家族の絆と群れの結束が描かれていて、とても感動的でした。",4.5
5,"ZxCvBnM1aSdF","戦いのシーンが迫力満点で、手に汗握って読みました。",4.0
7,"ZxCvBnM1aSdF","ゾウの知恵と勇気に感銘を受けました。動物小説の傑作だと思います。",4.5
9,"ZxCvBnM1aSdF","少し暴力的な描写が多かったのが気になりましたが、メッセージ性は強かったです。",3.5
4,"cKIlzDU9wMqQ","シマウマのミステリー小説という珍しい設定に惹かれました。謎解きも面白かったです。",4.0
6,"cKIlzDU9wMqQ","動物ミステリーとしては新しいジャンルで、楽しく読めました。",3.5
8,"cKIlzDU9wMqQ","シマウマの模様に隠された秘密が明かされるシーンは鳥肌ものでした。",4.5
1,"oAdD3YQSPdhi","灰色のドラゴンという設定が新鮮で、失われた街の謎も魅力的でした。",4.5
2,"oAdD3YQSPdhi","ファンタジー小説として王道の面白さがありました。ドラゴンの描写が特に良かったです。",4.0
4,"oAdD3YQSPdhi","冒険要素とミステリー要素が絶妙に組み合わされていて、最後まで飽きませんでした。",5.0
6,"oAdD3YQSPdhi","少し予想できる展開もありましたが、十分に楽しめる作品でした。",3.5
8,"oAdD3YQSPdhi","灰色のドラゴンのキャラクターが魅力的で、続編があれば読みたいです。",4.5
10,"oAdD3YQSPdhi","ファンタジー好きなら絶対に読むべき一冊だと思います。",4.0
3,"T8hN3sQ1vG5j","海底を舞台にした恋愛小説。幻想的な世界観が美しく描かれていました。",4.5
5,"T8hN3sQ1vG5j","人魚と人間の恋という古典的なテーマですが、新しい解釈が面白かったです。",4.0
7,"T8hN3sQ1vG5j","海の描写が詩的で、読んでいて心が洗われるようでした。",5.0
9,"T8hN3sQ1vG5j","ロマンチックで美しい物語でした。恋愛小説好きにおすすめです。",4.5
1,"Za82lVtyySqu","ワニと愛というユニークな組み合わせに最初は戸惑いましたが、深い愛の物語でした。",4.0
3,"Za82lVtyySqu","異種間の愛を描いた作品として、とても印象的でした。",3.5
5,"Za82lVtyySqu","少し理解が難しい部分もありましたが、メッセージ性は強かったです。",3.0
2,"ZxCvBnM0aSdF","宇宙のユニコーンという設定にワクワクしました。SF要素とファンタジー要素が見事に融合していました。",5.0
4,"ZxCvBnM0aSdF","銀河を駆け回るユニコーンの冒険が壮大で、読んでいて夢があふれました。",4.5
6,"ZxCvBnM0aSdF","宇宙の描写が美しく、ユニコーンの神秘性も良く表現されていました。",4.0
8,"ZxCvBnM0aSdF","子供の頃の夢を思い出させてくれる、素敵な作品でした。",4.5
10,"ZxCvBnM0aSdF","SF好きにもファンタジー好きにもおすすめの一冊です。",4.0
1,"JzJ3KAq5qAW7","ドラゴンと魔導師の対決が迫力満点で、最後まで目が離せませんでした。",5.0
3,"JzJ3KAq5qAW7","魔法の描写が詳細で、ファンタジー世界に完全に没入できました。",4.5
5,"JzJ3KAq5qAW7","影の魔導師の正体が明かされるシーンは驚きでした。",4.0
7,"JzJ3KAq5qAW7","ドラゴンのキャラクターが魅力的で、感情移入してしまいました。",4.5
9,"JzJ3KAq5qAW7","壮大なファンタジー巨編として、非常に満足できる作品でした。",5.0
2,"h9m1x3g6r7q4","ハイエナの生態について詳しく学べる図鑑のような本でした。勉強になりました。",4.0
6,"h9m1x3g6r7q4","動物の専門書として非常に充実した内容でした。",4.5
8,"h9m1x3g6r7q4","ハイエナに対する偏見が変わりました。興味深い動物だと知りました。",4.0
4,"gsyeONWjFOYW","サイの時代という壮大なテーマで描かれた歴史小説。動物の視点から見た歴史が新鮮でした。",4.5
7,"gsyeONWjFOYW","サイの生存をかけた戦いが感動的に描かれていました。",4.0
10,"gsyeONWjFOYW","環境問題についても考えさせられる、意義深い作品でした。",4.5
1,"vmBAU7siuQQY","ドラゴンが現代兵器と戦う設定が斬新で、SFファンタジーとして楽しめました。",4.5
3,"vmBAU7siuQQY","未来戦争の描写が迫力満点で、映画を見ているようでした。",4.0
5,"vmBAU7siuQQY","ドラゴンと人間の共闘シーンが熱くて感動しました。",5.0
9,"vmBAU7siuQQY","少し設定が複雑でしたが、最終的には面白い作品でした。",3.5
2,"kA8w5fE3Xn9h","ジャガーの森を舞台にした恋愛小説。自然の美しさと愛の美しさが重なって描かれていました。",4.5
4,"kA8w5fE3Xn9h","ジャングルの描写が鮮やかで、読んでいて森の中にいるような気分になりました。",4.0
6,"kA8w5fE3Xn9h","野生動物と人間の共存をテーマにした深い内容でした。",4.5
1,"TT2TSXv2HqmZ","宇宙のクジラという壮大な設定に圧倒されました。宇宙の神秘と生命の尊さを感じました。",5.0
5,"TT2TSXv2HqmZ","クジラの歌声が宇宙に響くシーンは幻想的で美しかったです。",4.5
8,"TT2TSXv2HqmZ","SF小説として非常に完成度が高く、感動的でした。",4.0
10,"TT2TSXv2HqmZ","少し科学的な説明が難しかったですが、メッセージは伝わりました。",3.5
3,"ZGDPa9w6JGyy","サルの社会を詳しく描いた作品。人間社会との類似点が興味深かったです。",4.0
7,"ZGDPa9w6JGyy","サルの王国の政治劇が人間のそれよりも複雑で驚きました。",4.5
9,"ZGDPa9w6JGyy","動物の知恵と狡猾さが良く描かれていて、考えさせられました。",4.0
2,"DzmWN5q0K8fa","宇宙のクマたちの冒険が可愛らしくて癒されました。",4.0
6,"DzmWN5q0K8fa","宇宙を舞台にした動物小説として、子供にも読ませたい作品です。",4.5
4,"3zv8olHafTpm","宇宙のキリンという発想が面白く、首の長さを活かした宇宙探査が新鮮でした。",4.0
8,"3zv8olHafTpm","キリンの優雅さが宇宙空間でも表現されていて美しかったです。",4.5
1,"e9PE3fu1yHEJ","クマの家族の絆が温かく描かれていて、読んでいて心が温まりました。",4.5
5,"e9PE3fu1yHEJ","自然の厳しさと家族愛が対比されていて、感動的でした。",4.0
9,"e9PE3fu1yHEJ","クマの生態についても学べて、教育的価値もある作品でした。",4.5
3,"StUvWxYz6AbC","ユニコーンの涙に秘められた魔法の力が神秘的で魅力的でした。",4.5
6,"StUvWxYz6AbC","魔法の描写が美しく、ファンタジーの世界に完全に浸れました。",4.0
10,"StUvWxYz6AbC","ユニコーンの純粋さが涙を通して表現されているのが印象的でした。",4.5
2,"rfSM2py62Moi","サルと人間の恋愛という珍しい設定でしたが、意外にも感動的でした。",3.5
7,"rfSM2py62Moi","種族を超えた愛を描いた作品として、メッセージ性が強かったです。",4.0
4,"8QwErTyUiOp9","ユニコーンの島が消えてしまう謎を追うミステリー。ファンタジーとミステリーの融合が見事でした。",4.5
9,"8QwErTyUiOp9","島の消失の真相が明かされるシーンは驚きの連続でした。",4.0
1,"P8k7jQx1fS5h","宇宙のタコという斬新な設定に惹かれました。触手を使った宇宙遊泳が印象的でした。",4.0
6,"P8k7jQx1fS5h","タコの知能の高さが宇宙でも発揮されていて面白かったです。",4.5
3,"Saxx0mp1qFWZ","サイの子守歌という優しいタイトルに癒されました。親子の愛が温かく描かれていました。",4.5
8,"Saxx0mp1qFWZ","サイの意外な優しさが表現されていて、動物への偏見が変わりました。",4.0
5,"T3M5dY1F6h8Q","タヌキの生態について詳しく学べる専門書でした。日本の動物として身近に感じました。",4.0
10,"T3M5dY1F6h8Q","タヌキの賢さと可愛らしさが両方描かれていて楽しめました。",4.5
1,"30nQty8W7smD","火の翼を持つドラゴンの物語が壮大で感動的でした。",5.0
7,"30nQty8W7smD","火の魔法の描写が迫力満点で、読んでいて興奮しました。",4.5
2,"4fG7hJkL8mN9","ドラゴンの謎を追う冒険小説として非常に面白かったです。",4.0
9,"4fG7hJkL8mN9","謎解きとファンタジーのバランスが絶妙でした。",4.5
4,"FOXixF0ZvpOW","キリンの友情物語が心温まる内容でした。動物の絆の深さに感動しました。",4.5
8,"FOXixF0ZvpOW","キリンの優雅さと友情の美しさが良く表現されていました。",4.0
6,"Nf8Z3vQ0Jg1P","アシカの生態について詳しく知ることができました。海の動物への理解が深まりました。",4.0
1,"w0GxstRSIRCH","宇宙のライオンという王者の貫禄が宇宙でも健在で頼もしかったです。",4.5
5,"w0GxstRSIRCH","ライオンの雄々しさが宇宙空間でも表現されていて格好良かったです。",4.0
3,"LGYEynrdXPCd","ワニが宇宙探検をするという設定が面白くて笑えました。",3.5
7,"LGYEynrdXPCd","意外にもワニの適応力が宇宙でも発揮されていて驚きました。",4.0
2,"6Fv0Hk3N9yT5","ビーバーの陰謀という設定が面白くて、最後まで楽しく読めました。",4.0
9,"6Fv0Hk3N9yT5","ビーバーの建設技術が陰謀に使われるという発想が斬新でした。",4.5
4,"5zNu1FhKcYQm","ヒョウと人間の歴史的関係について学べる興味深い内容でした。",4.0
1,"myBNkDqAtRqk","ドラゴンの巣に隠された謎が次々と明かされる展開にハラハラしました。",4.5
6,"myBNkDqAtRqk","ミステリー要素とファンタジー要素のバランスが絶妙でした。",4.0
3,"L1DiSyngIWAV","黒いドラゴンの叫びが心に響く壮大な物語でした。",4.5
8,"L1DiSyngIWAV","ドラゴンの悲しみと怒りが迫力満点に描かれていました。",4.0
2,"7DeFgHiJkLmN","ユニコーン殺人事件という衝撃的なタイトルに惹かれました。ファンタジーミステリーとして秀逸でした。",4.5
5,"7DeFgHiJkLmN","ユニコーンが殺されるという設定にショックを受けましたが、謎解きが面白かったです。",4.0
10,"7DeFgHiJkLmN","犯人の正体が明かされるシーンは予想外で驚きました。",4.5
2,"Z2g6R9fX4vT8","ロバの未来について真剣に考察した興味深い作品でした。動物の未来予測という珍しい視点が新鮮でした。",4.0
5,"Z2g6R9fX4vT8","ロバの知恵と洞察力に驚かされました。人間よりも先を見る力があるのかもしれません。",4.5
8,"Z2g6R9fX4vT8","少し理解が難しい部分もありましたが、環境問題についても考えさせられました。",3.5
1,"GpBYXMImgcpw","クマの失踪事件というミステリーにハラハラしながら読みました。犯人の正体には驚きました。",4.5
3,"GpBYXMImgcpw","森を舞台にしたミステリーとして非常に面白かったです。手がかりの散りばめ方が巧妙でした。",4.0
6,"GpBYXMImgcpw","クマの視点から描かれたミステリーが新鮮で、最後まで楽しめました。",4.5
9,"GpBYXMImgcpw","動物ミステリーとしては珍しいジャンルですが、とても完成度が高い作品でした。",4.0
2,"OagkR9XuHRvO","ライオンの謎解きが段階的に明かされていく展開が見事でした。推理小説として秀逸です。",4.5
4,"OagkR9XuHRvO","サバンナを舞台にしたミステリーが壮大で、読み応えがありました。",4.0
7,"OagkR9XuHRvO","ライオンの王としての威厳と探偵としての鋭さが両立していて魅力的でした。",4.5
10,"OagkR9XuHRvO","謎の真相が明かされるシーンは予想を超える展開で驚きました。",5.0
3,"7j2g6k9f1hj8","フェレットの俊敏さを活かした追跡劇が手に汗握る展開でした。",4.0
8,"7j2g6k9f1hj8","小さな体のフェレットが大活躍する姿に感動しました。",4.5
1,"13ziMlZ9dsT6","クジラの失踪という壮大なミステリーに引き込まれました。海の神秘と謎解きが絶妙に組み合わされています。",5.0
4,"13ziMlZ9dsT6","海洋ミステリーとして非常に読み応えがありました。クジラの生態も学べて勉強になりました。",4.5
7,"13ziMlZ9dsT6","消えたクジラの謎が解明されるまでの過程が丁寧に描かれていて良かったです。",4.0
10,"13ziMlZ9dsT6","海の描写が美しく、ミステリーとしても環境問題を考える作品としても優秀でした。",4.5
2,"8m2TkdB7ednc","サイの仲間を探す冒険が感動的でした。友情の大切さを改めて感じました。",4.5
6,"8m2TkdB7ednc","サイの強さと優しさが両方描かれていて、キャラクターに深みがありました。",4.0
5,"61dUxxBvsihx","サルの知恵を使った計画が見事に描かれていました。動物の知能の高さに驚かされます。",4.0
9,"61dUxxBvsihx","サルの社会性と計画性が人間顔負けで面白かったです。",4.5
3,"1yUT32znPUDd","キリンの仲間探しの旅が壮大で感動的でした。首の長さを活かした探索シーンが印象的です。",4.5
7,"1yUT32znPUDd","キリンの優雅さと仲間への愛情が美しく描かれていました。",4.0
1,"DQWRJrdl6QBX","消えたワニの足跡を追うミステリーが緊張感あふれる展開でした。",4.0
5,"DQWRJrdl6QBX","沼地を舞台にしたミステリーの雰囲気が抜群でした。",4.5
2,"4GhJkLmN5pQr","ユニコーンと剣の物語が幻想的で美しかったです。夜空の描写が特に印象的でした。",5.0
4,"4GhJkLmN5pQr","ファンタジー小説として王道の面白さがありました。ユニコーンの純潔さが剣に宿る設定が素敵です。",4.5
6,"4GhJkLmN5pQr","夜空の剣という武器の設定が独創的で、戦闘シーンが美しく描かれていました。",4.0
8,"4GhJkLmN5pQr","ユニコーンの魔法と剣の力が融合する場面は圧巻でした。",4.5
10,"4GhJkLmN5pQr","ファンタジー好きなら絶対に読むべき傑作だと思います。",5.0
3,"B6aLrRLXN5yF","カバの知恵比べが意外にも知的で面白かったです。動物の知能を侮ってはいけませんね。",4.0
9,"B6aLrRLXN5yF","カバの見た目とは裏腹の賢さに驚かされました。知恵比べの内容も興味深かったです。",4.5
1,"1a2b3c4d5e1k","アルパカの最後の晩餐という謎めいたタイトルに惹かれました。哲学的な内容で考えさせられました。",4.0
6,"1a2b3c4d5e1k","アルパカの穏やかな性格と深い思考が描かれていて印象的でした。",4.5
4,"G3kM2nJ5f8LQ","モグラの生態について詳しく学べる専門書でした。地下生活の神秘に触れることができました。",4.0
8,"G3kM2nJ5f8LQ","モグラの掘削技術と生活様式について新しい発見がありました。",4.5
2,"5x2sYLfFjXdz","ワニの伝説が神話的で壮大でした。古代からの言い伝えが現代に蘇る設定が面白かったです。",4.5
7,"5x2sYLfFjXdz","伝説の中のワニが実在していたという展開にワクワクしました。",4.0
1,"TuMBBnxYlMzN","カバの恋愛小説という珍しい設定でしたが、とても心温まる内容でした。",4.0
5,"TuMBBnxYlMzN","カバの愛情表現が独特で面白く、読んでいて微笑ましくなりました。",4.5
10,"TuMBBnxYlMzN","動物の恋愛を描いた作品として、とても純粋で美しい物語でした。",4.0
3,"1GhJkLmN2pQr","ユニコーンの恋の歌が詩的で美しく、読んでいて心が洗われました。",5.0
6,"1GhJkLmN2pQr","ユニコーンの純愛が歌に込められている設定が幻想的でした。",4.5
9,"1GhJkLmN2pQr","恋愛ファンタジーとして非常に完成度の高い作品だと思います。",4.0
1,"bfJUBkCwyHBc","黄金のライオンという設定が神秘的で魅力的でした。王者の風格が輝いていました。",4.5
4,"bfJUBkCwyHBc","黄金に輝くライオンの描写が美しく、読んでいて圧倒されました。",4.0
8,"bfJUBkCwyHBc","ファンタジーの王道を行く素晴らしい作品でした。",4.5
2,"RfH9z3Qb1Yk6","アシカの魔法使いという斬新な設定に最初は戸惑いましたが、とても面白い世界観でした。",4.0
7,"RfH9z3Qb1Yk6","海の魔法とアシカの芸達者さが組み合わされた独特の魔法が印象的でした。",4.5
3,"HG9WCU2vwlUH","燃え上がる運命というタイトル通り、情熱的で熱い展開の連続でした。",4.5
9,"HG9WCU2vwlUH","運命に立ち向かう主人公の姿に感動しました。熱いドラマでした。",4.0
4,"h8eN2dFQp1Zy","タヌキの歴史と文化について詳しく学べる興味深い内容でした。日本の文化との関わりも面白かったです。",4.0
10,"h8eN2dFQp1Zy","タヌキの民話や伝承についても触れられていて、文化的価値の高い作品でした。",4.5
1,"R4nlx0cfdfT5","失われたサイの遺産を探す冒険が壮大で感動的でした。",4.5
6,"R4nlx0cfdfT5","サイの古代文明の謎が明かされる過程が興味深かったです。",4.0
2,"MBR6waVBCGaK","キリンの秘密の花園が幻想的で美しく描かれていました。",4.5
5,"MBR6waVBCGaK","花園の描写が詩的で、読んでいて心が癒されました。",4.0
8,"MBR6waVBCGaK","キリンと花々の共存が美しく、自然の調和を感じました。",4.5
3,"acmqLmvOHYUa","クジラの秘密の楽園という設定が壮大で夢がありました。",4.0
7,"acmqLmvOHYUa","海の楽園の描写が美しく、クジラの歌声が聞こえてくるようでした。",4.5
4,"b1D9eH5z7YgW","ロバの百科事典として非常に充実した内容でした。ロバに対する見方が変わりました。",4.0
9,"b1D9eH5z7YgW","ロバの知恵と忍耐力について詳しく知ることができました。",4.5
1,"3y03bnir7aXi","クマたちの秘密の場所が神秘的で、冒険心をくすぐられました。",4.5
5,"3y03bnir7aXi","クマの社会と秘密の聖地について興味深い内容でした。",4.0
2,"JmER0Dv1rcto","ドラゴンのタマゴを巡る冒険が壮大で感動的でした。",5.0
6,"JmER0Dv1rcto","タマゴから孵るドラゴンの成長が丁寧に描かれていて良かったです。",4.5
10,"JmER0Dv1rcto","ファンタジー小説として非常に完成度が高い作品でした。",4.0
3,"wP8jG6zT2kD1","キツネの逆襲が知恵と狡猾さを駆使した面白い展開でした。",4.0
8,"wP8jG6zT2kD1","キツネの賢さが存分に発揮された復讐劇として楽しめました。",4.5
4,"Q1eA3b9F4mD2","インパラの未来という珍しいテーマで、草食動物の生存戦略について考えさせられました。",4.0
1,"N4j5Xc1W2q9Z","宇宙のタツノオトシゴという幻想的な設定に魅了されました。",4.5
7,"N4j5Xc1W2q9Z","タツノオトシゴの神秘性が宇宙空間でも表現されていて美しかったです。",4.0
2,"L7QYAtVzgt3N","ワニの秘宝を探す冒険が手に汗握る展開でした。",4.0
9,"L7QYAtVzgt3N","秘宝の正体が明かされるシーンは予想外で驚きました。",4.5
3,"uXZUvDPZZXKh","サイの魔法の角という設定が独創的で面白かったです。",4.0
8,"uXZUvDPZZXKh","魔法の力を持つサイの角の謎が興味深く描かれていました。",4.5
1,"GQzalRaaauMv","クマと魔法の森の組み合わせが幻想的で美しい物語でした。",4.5
4,"GQzalRaaauMv","森の魔法とクマの力が融合する場面が印象的でした。",4.0
7,"GQzalRaaauMv","自然と魔法の調和が見事に描かれていて感動しました。",4.5
2,"NXzgFV7yh8ah","魔法のサルという設定が面白く、サルの器用さが魔法でも発揮されていました。",4.0
6,"NXzgFV7yh8ah","サルの知恵と魔法の力の組み合わせが独特で楽しかったです。",4.5
3,"ZxCvBnM3aSdF","消えたユニコーンの蹄跡を追うミステリーが幻想的でした。",4.0
5,"ZxCvBnM3aSdF","ユニコーンの謎を解く過程が丁寧に描かれていて良かったです。",4.5
1,"9CBLiVwd8WAK","クジラと魔法の海という壮大な設定に圧倒されました。",5.0
4,"9CBLiVwd8WAK","海の魔法とクジラの歌声が織りなす物語が美しかったです。",4.5
9,"9CBLiVwd8WAK","海洋ファンタジーとして非常に完成度の高い作品でした。",4.0