"ad51b2bf-c290-4bd9-bbe4-f96e29cd74d6","aBcDeFgHiJkL"
"ad51b2bf-c290-4bd9-bbe4-f96e29cd74d6","afcIMuetDuzj"
"ad51b2bf-c290-4bd9-bbe4-f96e29cd74d6","oAdD3YQSPdhi"
"ad51b2bf-c290-4bd9-bbe4-f96e29cd74d6","ZxCvBnM0aSdF"
"ad51b2bf-c290-4bd9-bbe4-f96e29cd74d6","JzJ3KAq5qAW7"
"ad51b2bf-c290-4bd9-bbe4-f96e29cd74d6","vmBAU7siuQQY"
"ad51b2bf-c290-4bd9-bbe4-f96e29cd74d6","4GhJkLmN5pQr"
"ad51b2bf-c290-4bd9-bbe4-f96e29cd74d6","StUvWxYz6AbC"
"ad51b2bf-c290-4bd9-bbe4-f96e29cd74d6","30nQty8W7smD"
"ad51b2bf-c290-4bd9-bbe4-f96e29cd74d6","4fG7hJkL8mN9"
"ad51b2bf-c290-4bd9-bbe4-f96e29cd74d6","myBNkDqAtRqk"
"ad51b2bf-c290-4bd9-bbe4-f96e29cd74d6","L1DiSyngIWAV"
"ad51b2bf-c290-4bd9-bbe4-f96e29cd74d6","7DeFgHiJkLmN"
"ad51b2bf-c290-4bd9-bbe4-f96e29cd74d6","JmER0Dv1rcto"
"ad51b2bf-c290-4bd9-bbe4-f96e29cd74d6","GQzalRaaauMv"
"ad51b2bf-c290-4bd9-bbe4-f96e29cd74d6","NXzgFV7yh8ah"
"ad51b2bf-c290-4bd9-bbe4-f96e29cd74d6","ZxCvBnM3aSdF"
"ad51b2bf-c290-4bd9-bbe4-f96e29cd74d6","9CBLiVwd8WAK"
"6af9ef57-c04f-4852-8401-9b8e59903f4b","afcIMuetDuzj"
"6af9ef57-c04f-4852-8401-9b8e59903f4b","Hh5r4Kj9Tb8v"
"6af9ef57-c04f-4852-8401-9b8e59903f4b","T8hN3sQ1vG5j"
"6af9ef57-c04f-4852-8401-9b8e59903f4b","kA8w5fE3Xn9h"
"6af9ef57-c04f-4852-8401-9b8e59903f4b","rfSM2py62Moi"
"6af9ef57-c04f-4852-8401-9b8e59903f4b","TuMBBnxYlMzN"
"6af9ef57-c04f-4852-8401-9b8e59903f4b","1GhJkLmN2pQr"
"6af9ef57-c04f-4852-8401-9b8e59903f4b","HG9WCU2vwlUH"
"6af9ef57-c04f-4852-8401-9b8e59903f4b","PAmlkYOlowLL"
"6af9ef57-c04f-4852-8401-9b8e59903f4b","Za82lVtyySqu"
"6af9ef57-c04f-4852-8401-9b8e59903f4b","SivD0btT6Es6"
"6af9ef57-c04f-4852-8401-9b8e59903f4b","p9KOtNA16COR"
"7f2a04b6-33e1-4880-8a57-d36fe27066e6","afcIMuetDuzj"
"7f2a04b6-33e1-4880-8a57-d36fe27066e6","C4hD3jZ8rK6e"
"7f2a04b6-33e1-4880-8a57-d36fe27066e6","dJ4fLnQ2ZcR3"
"7f2a04b6-33e1-4880-8a57-d36fe27066e6","cKIlzDU9wMqQ"
"7f2a04b6-33e1-4880-8a57-d36fe27066e6","v21pjIlzDua1"
"7f2a04b6-33e1-4880-8a57-d36fe27066e6","GpBYXMImgcpw"
"7f2a04b6-33e1-4880-8a57-d36fe27066e6","OagkR9XuHRvO"
"7f2a04b6-33e1-4880-8a57-d36fe27066e6","13ziMlZ9dsT6"
"7f2a04b6-33e1-4880-8a57-d36fe27066e6","DQWRJrdl6QBX"
"7f2a04b6-33e1-4880-8a57-d36fe27066e6","5x2sYLfFjXdz"
"7f2a04b6-33e1-4880-8a57-d36fe27066e6","9UizZw491wye"
"7f2a04b6-33e1-4880-8a57-d36fe27066e6","ln5NiMJq02V7"
"57522d38-525b-4c19-b693-c30de02f59e6","afcIMuetDuzj"
"57522d38-525b-4c19-b693-c30de02f59e6","aBcDeFgHiJkL"
"57522d38-525b-4c19-b693-c30de02f59e6","ZxCvBnM1aSdF"
"57522d38-525b-4c19-b693-c30de02f59e6","h9m1x3g6r7q4"
"57522d38-525b-4c19-b693-c30de02f59e6","gsyeONWjFOYW"
"57522d38-525b-4c19-b693-c30de02f59e6","ZGDPa9w6JGyy"
"57522d38-525b-4c19-b693-c30de02f59e6","e9PE3fu1yHEJ"
"57522d38-525b-4c19-b693-c30de02f59e6","FOXixF0ZvpOW"
"57522d38-525b-4c19-b693-c30de02f59e6","Nf8Z3vQ0Jg1P"
"57522d38-525b-4c19-b693-c30de02f59e6","5zNu1FhKcYQm"
"57522d38-525b-4c19-b693-c30de02f59e6","T3M5dY1F6h8Q"
"57522d38-525b-4c19-b693-c30de02f59e6","B6aLrRLXN5yF"
"57522d38-525b-4c19-b693-c30de02f59e6","1a2b3c4d5e1k"
"57522d38-525b-4c19-b693-c30de02f59e6","G3kM2nJ5f8LQ"
"57522d38-525b-4c19-b693-c30de02f59e6","h8eN2dFQp1Zy"
"57522d38-525b-4c19-b693-c30de02f59e6","pDYIwtdahwkp"
"c44a0ef0-7d73-4e54-bd27-afeafba6b19b","bU4W2hM7x9D5"
"c44a0ef0-7d73-4e54-bd27-afeafba6b19b","ZxCvBnM0aSdF"
"c44a0ef0-7d73-4e54-bd27-afeafba6b19b","vmBAU7siuQQY"
"c44a0ef0-7d73-4e54-bd27-afeafba6b19b","TT2TSXv2HqmZ"
"c44a0ef0-7d73-4e54-bd27-afeafba6b19b","DzmWN5q0K8fa"
"c44a0ef0-7d73-4e54-bd27-afeafba6b19b","3zv8olHafTpm"
"c44a0ef0-7d73-4e54-bd27-afeafba6b19b","P8k7jQx1fS5h"
"c44a0ef0-7d73-4e54-bd27-afeafba6b19b","w0GxstRSIRCH"
"c44a0ef0-7d73-4e54-bd27-afeafba6b19b","LGYEynrdXPCd"
"c44a0ef0-7d73-4e54-bd27-afeafba6b19b","N4j5Xc1W2q9Z"
"c44a0ef0-7d73-4e54-bd27-afeafba6b19b","Q1eA3b9F4mD2"
"c44a0ef0-7d73-4e54-bd27-afeafba6b19b","pDYIwtdahwkp"
"3766dd55-b236-4ea3-bc88-4518b8a16687","aBcDeFgHiJkL"
"3766dd55-b236-4ea3-bc88-4518b8a16687","G7H8I1232FL2"
"3766dd55-b236-4ea3-bc88-4518b8a16687","aG9b7V2kQ4d5"
"3766dd55-b236-4ea3-bc88-4518b8a16687","h9m1x3g6r7q4"
"3766dd55-b236-4ea3-bc88-4518b8a16687","Nf8Z3vQ0Jg1P"
"3766dd55-b236-4ea3-bc88-4518b8a16687","T3M5dY1F6h8Q"
"3766dd55-b236-4ea3-bc88-4518b8a16687","G3kM2nJ5f8LQ"
"3766dd55-b236-4ea3-bc88-4518b8a16687","h8eN2dFQp1Zy"
"3766dd55-b236-4ea3-bc88-4518b8a16687","b1D9eH5z7YgW"
"3766dd55-b236-4ea3-bc88-4518b8a16687","5zNu1FhKcYQm"
"3766dd55-b236-4ea3-bc88-4518b8a16687","pDYIwtdahwkp"
"d14c747b-ff7e-46ba-bf1f-c7ee13063b3d","C4hD3jZ8rK6e"
"d14c747b-ff7e-46ba-bf1f-c7ee13063b3d","w7TqJ5hE9zLb"
"d14c747b-ff7e-46ba-bf1f-c7ee13063b3d","f6KqT2h1NpJ8"
"d14c747b-ff7e-46ba-bf1f-c7ee13063b3d","VVUwdUHaz9zD"
"d14c747b-ff7e-46ba-bf1f-c7ee13063b3d","ZxCvBnM1aSdF"
"d14c747b-ff7e-46ba-bf1f-c7ee13063b3d","oAdD3YQSPdhi"
"d14c747b-ff7e-46ba-bf1f-c7ee13063b3d","JzJ3KAq5qAW7"
"d14c747b-ff7e-46ba-bf1f-c7ee13063b3d","bfJUBkCwyHBc"
"d14c747b-ff7e-46ba-bf1f-c7ee13063b3d","wP8jG6zT2kD1"
"d14c747b-ff7e-46ba-bf1f-c7ee13063b3d","7j2g6k9f1hj8"
"d14c747b-ff7e-46ba-bf1f-c7ee13063b3d","aBcDeFgHiJkL"
"d14c747b-ff7e-46ba-bf1f-c7ee13063b3d","dJ4fLnQ2ZcR3"
"401d7173-1dd8-4cc7-a3ce-605af3201a63","aBcDeFgHiJkL"
"401d7173-1dd8-4cc7-a3ce-605af3201a63","G3kM2nJ5f8LQ"
"401d7173-1dd8-4cc7-a3ce-605af3201a63","h9m1x3g6r7q4"
"401d7173-1dd8-4cc7-a3ce-605af3201a63","Nf8Z3vQ0Jg1P"
"401d7173-1dd8-4cc7-a3ce-605af3201a63","T3M5dY1F6h8Q"
"401d7173-1dd8-4cc7-a3ce-605af3201a63","h8eN2dFQp1Zy"
"401d7173-1dd8-4cc7-a3ce-605af3201a63","b1D9eH5z7YgW"
"401d7173-1dd8-4cc7-a3ce-605af3201a63","5zNu1FhKcYQm"
"401d7173-1dd8-4cc7-a3ce-605af3201a63","dJ4fLnQ2ZcR3"
"e370ccc5-55a2-4b77-8148-93ee53052c52","C4hD3jZ8rK6e"
"e370ccc5-55a2-4b77-8148-93ee53052c52","Hh5r4Kj9Tb8v"
"e370ccc5-55a2-4b77-8148-93ee53052c52","3BndPAiEFnjB"
"e370ccc5-55a2-4b77-8148-93ee53052c52","PAmlkYOlowLL"
"e370ccc5-55a2-4b77-8148-93ee53052c52","e9PE3fu1yHEJ"
"e370ccc5-55a2-4b77-8148-93ee53052c52","MBR6waVBCGaK"
"e370ccc5-55a2-4b77-8148-93ee53052c52","acmqLmvOHYUa"
"e370ccc5-55a2-4b77-8148-93ee53052c52","3y03bnir7aXi"
"e370ccc5-55a2-4b77-8148-93ee53052c52","GQzalRaaauMv"
"e370ccc5-55a2-4b77-8148-93ee53052c52","dJ4fLnQ2ZcR3"
"d36d6a19-da32-4a70-84d8-67085e8ccdae","aBcDeFgHiJkL"
"d36d6a19-da32-4a70-84d8-67085e8ccdae","Hh5r4Kj9Tb8v"
"d36d6a19-da32-4a70-84d8-67085e8ccdae","ln5NiMJq02V7"
"d36d6a19-da32-4a70-84d8-67085e8ccdae","4GhJkLmN5pQr"
"d36d6a19-da32-4a70-84d8-67085e8ccdae","1GhJkLmN2pQr"
"d36d6a19-da32-4a70-84d8-67085e8ccdae","StUvWxYz6AbC"
"d36d6a19-da32-4a70-84d8-67085e8ccdae","8QwErTyUiOp9"
"d36d6a19-da32-4a70-84d8-67085e8ccdae","ZxCvBnM3aSdF"
"d36d6a19-da32-4a70-84d8-67085e8ccdae","9CBLiVwd8WAK"
"d36d6a19-da32-4a70-84d8-67085e8ccdae","JmER0Dv1rcto"
"d36d6a19-da32-4a70-84d8-67085e8ccdae","RfH9z3Qb1Yk6"
"d36d6a19-da32-4a70-84d8-67085e8ccdae","dJ4fLnQ2ZcR3"
"ad51b2bf-c290-4bd9-bbe4-f96e29cd74d6","Hh5r4Kj9Tb8v"
"6af9ef57-c04f-4852-8401-9b8e59903f4b","aBcDeFgHiJkL"
"7f2a04b6-33e1-4880-8a57-d36fe27066e6","Hh5r4Kj9Tb8v"
"57522d38-525b-4c19-b693-c30de02f59e6","Hh5r4Kj9Tb8v"
"c44a0ef0-7d73-4e54-bd27-afeafba6b19b","Hh5r4Kj9Tb8v"
"3766dd55-b236-4ea3-bc88-4518b8a16687","Hh5r4Kj9Tb8v"
"c44a0ef0-7d73-4e54-bd27-afeafba6b19b","C4hD3jZ8rK6e"
"3766dd55-b236-4ea3-bc88-4518b8a16687","C4hD3jZ8rK6e"
"ad51b2bf-c290-4bd9-bbe4-f96e29cd74d6","13ziMlZ9dsT6"
"6af9ef57-c04f-4852-8401-9b8e59903f4b","13ziMlZ9dsT6"
"57522d38-525b-4c19-b693-c30de02f59e6","13ziMlZ9dsT6"
"d14c747b-ff7e-46ba-bf1f-c7ee13063b3d","13ziMlZ9dsT6"
"d36d6a19-da32-4a70-84d8-67085e8ccdae","13ziMlZ9dsT6"
"ad51b2bf-c290-4bd9-bbe4-f96e29cd74d6","bfJUBkCwyHBc"
"57522d38-525b-4c19-b693-c30de02f59e6","bfJUBkCwyHBc"
"401d7173-1dd8-4cc7-a3ce-605af3201a63","bfJUBkCwyHBc"
"6af9ef57-c04f-4852-8401-9b8e59903f4b","MBR6waVBCGaK"
"c44a0ef0-7d73-4e54-bd27-afeafba6b19b","MBR6waVBCGaK"
"401d7173-1dd8-4cc7-a3ce-605af3201a63","MBR6waVBCGaK"
"7f2a04b6-33e1-4880-8a57-d36fe27066e6","w7TqJ5hE9zLb"
"e370ccc5-55a2-4b77-8148-93ee53052c52","w7TqJ5hE9zLb"
"ad51b2bf-c290-4bd9-bbe4-f96e29cd74d6","3BndPAiEFnjB"
"3766dd55-b236-4ea3-bc88-4518b8a16687","3BndPAiEFnjB"
"6af9ef57-c04f-4852-8401-9b8e59903f4b","f6KqT2h1NpJ8"
"7f2a04b6-33e1-4880-8a57-d36fe27066e6","aG9b7V2kQ4d5"
"c44a0ef0-7d73-4e54-bd27-afeafba6b19b","aG9b7V2kQ4d5"
"401d7173-1dd8-4cc7-a3ce-605af3201a63","aG9b7V2kQ4d5"
"d36d6a19-da32-4a70-84d8-67085e8ccdae","aG9b7V2kQ4d5"
"6af9ef57-c04f-4852-8401-9b8e59903f4b","VVUwdUHaz9zD"
"57522d38-525b-4c19-b693-c30de02f59e6","VVUwdUHaz9zD"
"e370ccc5-55a2-4b77-8148-93ee53052c52","VVUwdUHaz9zD"
"ad51b2bf-c290-4bd9-bbe4-f96e29cd74d6","kA8w5fE3Xn9h"
"57522d38-525b-4c19-b693-c30de02f59e6","kA8w5fE3Xn9h"
"d14c747b-ff7e-46ba-bf1f-c7ee13063b3d","kA8w5fE3Xn9h"
"e370ccc5-55a2-4b77-8148-93ee53052c52","kA8w5fE3Xn9h"
"6af9ef57-c04f-4852-8401-9b8e59903f4b","ZxCvBnM1aSdF"
"3766dd55-b236-4ea3-bc88-4518b8a16687","ZxCvBnM1aSdF"
"d36d6a19-da32-4a70-84d8-67085e8ccdae","ZxCvBnM1aSdF"
"7f2a04b6-33e1-4880-8a57-d36fe27066e6","gsyeONWjFOYW"
"401d7173-1dd8-4cc7-a3ce-605af3201a63","gsyeONWjFOYW"
"6af9ef57-c04f-4852-8401-9b8e59903f4b","TT2TSXv2HqmZ"
"e370ccc5-55a2-4b77-8148-93ee53052c52","TT2TSXv2HqmZ"
"3766dd55-b236-4ea3-bc88-4518b8a16687","ZGDPa9w6JGyy"
"401d7173-1dd8-4cc7-a3ce-605af3201a63","ZGDPa9w6JGyy"
"ad51b2bf-c290-4bd9-bbe4-f96e29cd74d6","DzmWN5q0K8fa"
"3766dd55-b236-4ea3-bc88-4518b8a16687","DzmWN5q0K8fa"
"6af9ef57-c04f-4852-8401-9b8e59903f4b","3zv8olHafTpm"
"d14c747b-ff7e-46ba-bf1f-c7ee13063b3d","3zv8olHafTpm"
"c44a0ef0-7d73-4e54-bd27-afeafba6b19b","e9PE3fu1yHEJ"
"401d7173-1dd8-4cc7-a3ce-605af3201a63","e9PE3fu1yHEJ"
"7f2a04b6-33e1-4880-8a57-d36fe27066e6","StUvWxYz6AbC"
"3766dd55-b236-4ea3-bc88-4518b8a16687","StUvWxYz6AbC"
"57522d38-525b-4c19-b693-c30de02f59e6","rfSM2py62Moi"
"401d7173-1dd8-4cc7-a3ce-605af3201a63","rfSM2py62Moi"
"7f2a04b6-33e1-4880-8a57-d36fe27066e6","8QwErTyUiOp9"
"d14c747b-ff7e-46ba-bf1f-c7ee13063b3d","8QwErTyUiOp9"
"ad51b2bf-c290-4bd9-bbe4-f96e29cd74d6","P8k7jQx1fS5h"
"e370ccc5-55a2-4b77-8148-93ee53052c52","P8k7jQx1fS5h"
"6af9ef57-c04f-4852-8401-9b8e59903f4b","Saxx0mp1qFWZ"
"57522d38-525b-4c19-b693-c30de02f59e6","Saxx0mp1qFWZ"
"3766dd55-b236-4ea3-bc88-4518b8a16687","Saxx0mp1qFWZ"
"7f2a04b6-33e1-4880-8a57-d36fe27066e6","30nQty8W7smD"
"d14c747b-ff7e-46ba-bf1f-c7ee13063b3d","30nQty8W7smD"
"6af9ef57-c04f-4852-8401-9b8e59903f4b","4fG7hJkL8mN9"
"c44a0ef0-7d73-4e54-bd27-afeafba6b19b","4fG7hJkL8mN9"
"e370ccc5-55a2-4b77-8148-93ee53052c52","4fG7hJkL8mN9"
"c44a0ef0-7d73-4e54-bd27-afeafba6b19b","FOXixF0ZvpOW"
"e370ccc5-55a2-4b77-8148-93ee53052c52","FOXixF0ZvpOW"
"7f2a04b6-33e1-4880-8a57-d36fe27066e6","w0GxstRSIRCH"
"401d7173-1dd8-4cc7-a3ce-605af3201a63","w0GxstRSIRCH"
"57522d38-525b-4c19-b693-c30de02f59e6","LGYEynrdXPCd"
"d14c747b-ff7e-46ba-bf1f-c7ee13063b3d","LGYEynrdXPCd"
"ad51b2bf-c290-4bd9-bbe4-f96e29cd74d6","6Fv0Hk3N9yT5"
"7f2a04b6-33e1-4880-8a57-d36fe27066e6","6Fv0Hk3N9yT5"
"6af9ef57-c04f-4852-8401-9b8e59903f4b","myBNkDqAtRqk"
"3766dd55-b236-4ea3-bc88-4518b8a16687","myBNkDqAtRqk"
"7f2a04b6-33e1-4880-8a57-d36fe27066e6","L1DiSyngIWAV"
"c44a0ef0-7d73-4e54-bd27-afeafba6b19b","L1DiSyngIWAV"
"57522d38-525b-4c19-b693-c30de02f59e6","7DeFgHiJkLmN"
"401d7173-1dd8-4cc7-a3ce-605af3201a63","7DeFgHiJkLmN"
"6af9ef57-c04f-4852-8401-9b8e59903f4b","Z2g6R9fX4vT8"
"3766dd55-b236-4ea3-bc88-4518b8a16687","Z2g6R9fX4vT8"
"ad51b2bf-c290-4bd9-bbe4-f96e29cd74d6","GpBYXMImgcpw"
"c44a0ef0-7d73-4e54-bd27-afeafba6b19b","GpBYXMImgcpw"
"e370ccc5-55a2-4b77-8148-93ee53052c52","GpBYXMImgcpw"
"6af9ef57-c04f-4852-8401-9b8e59903f4b","OagkR9XuHRvO"
"3766dd55-b236-4ea3-bc88-4518b8a16687","OagkR9XuHRvO"
"d36d6a19-da32-4a70-84d8-67085e8ccdae","OagkR9XuHRvO"
"c44a0ef0-7d73-4e54-bd27-afeafba6b19b","7j2g6k9f1hj8"
"e370ccc5-55a2-4b77-8148-93ee53052c52","7j2g6k9f1hj8"
"57522d38-525b-4c19-b693-c30de02f59e6","8m2TkdB7ednc"
"d14c747b-ff7e-46ba-bf1f-c7ee13063b3d","8m2TkdB7ednc"
"ad51b2bf-c290-4bd9-bbe4-f96e29cd74d6","61dUxxBvsihx"
"c44a0ef0-7d73-4e54-bd27-afeafba6b19b","61dUxxBvsihx"
"7f2a04b6-33e1-4880-8a57-d36fe27066e6","1yUT32znPUDd"
"e370ccc5-55a2-4b77-8148-93ee53052c52","1yUT32znPUDd"
"3766dd55-b236-4ea3-bc88-4518b8a16687","4GhJkLmN5pQr"
"401d7173-1dd8-4cc7-a3ce-605af3201a63","4GhJkLmN5pQr"
"7f2a04b6-33e1-4880-8a57-d36fe27066e6","B6aLrRLXN5yF"
"e370ccc5-55a2-4b77-8148-93ee53052c52","B6aLrRLXN5yF"
"ad51b2bf-c290-4bd9-bbe4-f96e29cd74d6","1a2b3c4d5e1k"
"3766dd55-b236-4ea3-bc88-4518b8a16687","1a2b3c4d5e1k"
"6af9ef57-c04f-4852-8401-9b8e59903f4b","G3kM2nJ5f8LQ"
"ad51b2bf-c290-4bd9-bbe4-f96e29cd74d6","5x2sYLfFjXdz"
"d14c747b-ff7e-46ba-bf1f-c7ee13063b3d","5x2sYLfFjXdz"
"7f2a04b6-33e1-4880-8a57-d36fe27066e6","TuMBBnxYlMzN"
"c44a0ef0-7d73-4e54-bd27-afeafba6b19b","TuMBBnxYlMzN"
"57522d38-525b-4c19-b693-c30de02f59e6","1GhJkLmN2pQr"
"3766dd55-b236-4ea3-bc88-4518b8a16687","1GhJkLmN2pQr"
"c44a0ef0-7d73-4e54-bd27-afeafba6b19b","bfJUBkCwyHBc"
"e370ccc5-55a2-4b77-8148-93ee53052c52","bfJUBkCwyHBc"
"7f2a04b6-33e1-4880-8a57-d36fe27066e6","RfH9z3Qb1Yk6"
"d14c747b-ff7e-46ba-bf1f-c7ee13063b3d","RfH9z3Qb1Yk6"
"ad51b2bf-c290-4bd9-bbe4-f96e29cd74d6","HG9WCU2vwlUH"
"57522d38-525b-4c19-b693-c30de02f59e6","HG9WCU2vwlUH"
"6af9ef57-c04f-4852-8401-9b8e59903f4b","h8eN2dFQp1Zy"
"c44a0ef0-7d73-4e54-bd27-afeafba6b19b","h8eN2dFQp1Zy"
"ad51b2bf-c290-4bd9-bbe4-f96e29cd74d6","R4nlx0cfdfT5"
"7f2a04b6-33e1-4880-8a57-d36fe27066e6","R4nlx0cfdfT5"
"57522d38-525b-4c19-b693-c30de02f59e6","MBR6waVBCGaK"
"d14c747b-ff7e-46ba-bf1f-c7ee13063b3d","MBR6waVBCGaK"
"d36d6a19-da32-4a70-84d8-67085e8ccdae","MBR6waVBCGaK"
"ad51b2bf-c290-4bd9-bbe4-f96e29cd74d6","acmqLmvOHYUa"
"3766dd55-b236-4ea3-bc88-4518b8a16687","acmqLmvOHYUa"
"6af9ef57-c04f-4852-8401-9b8e59903f4b","b1D9eH5z7YgW"
"57522d38-525b-4c19-b693-c30de02f59e6","b1D9eH5z7YgW"
"ad51b2bf-c290-4bd9-bbe4-f96e29cd74d6","3y03bnir7aXi"
"c44a0ef0-7d73-4e54-bd27-afeafba6b19b","3y03bnir7aXi"
"6af9ef57-c04f-4852-8401-9b8e59903f4b","JmER0Dv1rcto"
"3766dd55-b236-4ea3-bc88-4518b8a16687","JmER0Dv1rcto"
"7f2a04b6-33e1-4880-8a57-d36fe27066e6","wP8jG6zT2kD1"
"401d7173-1dd8-4cc7-a3ce-605af3201a63","wP8jG6zT2kD1"
"ad51b2bf-c290-4bd9-bbe4-f96e29cd74d6","Q1eA3b9F4mD2"
"57522d38-525b-4c19-b693-c30de02f59e6","Q1eA3b9F4mD2"
"6af9ef57-c04f-4852-8401-9b8e59903f4b","N4j5Xc1W2q9Z"
"d14c747b-ff7e-46ba-bf1f-c7ee13063b3d","N4j5Xc1W2q9Z"
"ad51b2bf-c290-4bd9-bbe4-f96e29cd74d6","L7QYAtVzgt3N"
"e370ccc5-55a2-4b77-8148-93ee53052c52","L7QYAtVzgt3N"
"6af9ef57-c04f-4852-8401-9b8e59903f4b","uXZUvDPZZXKh"
"7f2a04b6-33e1-4880-8a57-d36fe27066e6","uXZUvDPZZXKh"
"57522d38-525b-4c19-b693-c30de02f59e6","GQzalRaaauMv"
"401d7173-1dd8-4cc7-a3ce-605af3201a63","GQzalRaaauMv"
"6af9ef57-c04f-4852-8401-9b8e59903f4b","NXzgFV7yh8ah"
"3766dd55-b236-4ea3-bc88-4518b8a16687","NXzgFV7yh8ah"
"57522d38-525b-4c19-b693-c30de02f59e6","ZxCvBnM3aSdF"
"d14c747b-ff7e-46ba-bf1f-c7ee13063b3d","ZxCvBnM3aSdF"
"7f2a04b6-33e1-4880-8a57-d36fe27066e6","9CBLiVwd8WAK"
"c44a0ef0-7d73-4e54-bd27-afeafba6b19b","9CBLiVwd8WAK"
"57522d38-525b-4c19-b693-c30de02f59e6","bU4W2hM7x9D5"
"57522d38-525b-4c19-b693-c30de02f59e6","w7TqJ5hE9zLb"
"57522d38-525b-4c19-b693-c30de02f59e6","G7H8I1232FL2"
"57522d38-525b-4c19-b693-c30de02f59e6","3BndPAiEFnjB"
"57522d38-525b-4c19-b693-c30de02f59e6","3gNJnRcrwrUH"
"57522d38-525b-4c19-b693-c30de02f59e6","v21pjIlzDua1"
"57522d38-525b-4c19-b693-c30de02f59e6","SivD0btT6Es6"
"57522d38-525b-4c19-b693-c30de02f59e6","cKIlzDU9wMqQ"
"57522d38-525b-4c19-b693-c30de02f59e6","6Fv0Hk3N9yT5"
"57522d38-525b-4c19-b693-c30de02f59e6","wP8jG6zT2kD1"